authors_id,name,surname,gender,birth date,nationality,age,country
220,Luis,Velazquez,M,25/03/1956,Spanish,67,Spain
218,Sofia,Soto,F,18/06/1982,Aruba,41,Aruba
217,Roberto,Rodriguez,M,29/09/1972,Surinam,51,Suriname
216,Julia,Fernandez,F,13/02/1980,Guyane,43,Guyana
215,Laura,Mendez,F,07/12/1973,French Guiana,49,France Guiana
214,Felipe,Torres,M,26/01/1984,South Georgia and the South Sandwich Islands,39,South Georgia and the South Sandwich Islands
213,Emma,Ramirez,F,03/08/1976,Falkland Islands,47,Falkland Islands
212,Leonardo,Perez,M,09/11/1975,Montserrat,48,Montserrat
211,Olivia,Gomez,F,04/07/1981,Anguilla,42,Anguilla
210,Mateo,Mendez,M,12/10/1989,Saint Martin,34,Saint Martin
209,Catalina,Santos,F,30/04/1978,British Virgin Islands,45,Great Britain Virgin Islands
208,Alejandro,Ortega,M,22/06/1977,Sint Maarten,46,Sint Maarten
207,Antonia,Rivera,F,14/03/1988,Curacao,35,Curacao
206,Vicente,Castro,M,01/09/1979,Aruba,44,Aruba
205,Camila,Silva,F,26/08/1974,Cayman Islands,49,Cayman Islands
204,Joaquin,Mendez,M,03/05/1986,Turks and Caicos Islands,37,Turks and Caicos Islands
203,Gloria,Jimenez,F,24/02/1972,The Bahamas,51,The Bahamas
202,Santiago,Rosales,M,21/12/1982,Bermuda,40,Bermuda
201,Elena,Pena,F,18/11/1971,Saint Vincent and the Grenadines,52,Saint Vincent and the Grenadines
200,Antonio,Suarez,M,15/10/1980,Saint Lucia,43,Saint Lucia
199,Natalia,Cruz,F,28/07/1984,Saint Kitts and Nevis,39,Saint Kitts and Nevis
198,Rafael,Gomez,M,20/01/1976,Antigua and Barbuda,47,Antigua and Barbuda
197,Lorena,Duarte,F,03/09/1978,Grenada,45,Grenada
196,Carlos,Medina,M,09/04/1985,Barbados,38,Barbados
195,Monica,Torres,F,16/06/1973,Jamaica,50,Jamaica
194,Manuel,Soto,M,07/08/1977,Haiti,46,Haiti
193,Adriana,Perez,F,12/03/1979,Trinidad and Tobago,44,Trinidad and Tobago
192,Miguel,Fernandez,M,10/02/1989,Guyana,34,Guyana
191,Luisa,Vargas,F,27/07/1970,Suriname,53,Suriname
190,Valeria,Chavez,F,04/12/1975,Belize,47,Belize
189,Andres,Gomez,M,19/11/1988,Cuba,34,Cuba
188,Silvia,Ortega,F,08/05/1974,Dominican Republic,49,Dominican Republic
187,Roberto,Castro,M,06/03/1987,Puerto Rico,36,Puerto Rico
186,Lucia,Diaz,F,14/09/1972,Uruguay,51,Uruguay
185,Fernando,Mendez,M,23/06/1981,Panama,42,Panama
184,Carmen,Fernandez,F,17/04/1976,Paraguay,47,Paraguay
183,Daniel,Rodriguez,M,02/08/1986,Nicaragua,37,Nicaragua
182,Paula,Perez,F,29/10/1971,Bolivia,52,Bolivia
181,Javier,Martinez,M,11/01/1983,Costa Rica,40,Costa Rica
180,Sofia,Morales,F,03/07/1978,El Salvador,45,El Salvador
179,Ricardo,Ramirez,M,01/04/1984,Honduras,39,Honduras
178,Isabel,Gonzalez,F,12/12/1973,Guatemala,49,Guatemala
177,Pedro,Silva,M,18/02/1979,Venezuela,44,Venezuela
176,Laura,Torres,F,25/09/1985,Ecuador,38,Ecuador
175,Diego,Fernandez,M,07/06/1977,Chile,46,Chile
174,Ana,Martinez,F,30/11/1970,Mexico,52,Mexico
173,Carlos,Garcia,M,22/03/1982,Peru,41,Peru
172,Maria,Lopez,F,15/08/1975,Colombia,48,Colombia
171,Luis,Rodriguez,M,10/05/1980,Argentina,43,Argentina
170,Tove,Hansen,M,05/01/1989,Swedish,34,Sweden
169,Johan,Mikkelsen,M,20/07/1988,Danish,35,Denmark
168,Helena,Niemi,F,11/11/1975,Finnish,48,Finland
167,Niklas,Andersson,M,03/02/1981,Swedish,42,Sweden
166,Mia,Haugen,F,18/06/1983,Norwegian,40,Norway
165,Henrik,Lindqvist,M,23/08/1977,Swedish,46,Sweden
164,Ville,Jokinen,M,09/04/1984,Finnish,39,Finland
163,Kirsten,Andersen,M,27/10/1976,Norwegian,47,Norway
162,Oskar,Eriksson,M,14/12/1987,Swedish,35,Sweden
161,Ingrid,Sørensen,F,30/01/1979,Danish,44,Denmark
160,Anders,Petersen,M,08/07/1980,Swedish,43,Sweden
159,Sofia,Bergman,F,15/09/1986,Finnish,37,Finland
158,Aksel,Olsen,M,05/11/1982,Norwegian,41,Norway
157,Maja,Jansson,F,22/05/1985,Swedish,38,Sweden
156,Erik,Hansen,M,12/03/1978,Danish,45,Denmark
155,Charlotte,Taylor,F,10/12/1984,Nauruan,38,Nauru
154,Jacob,Robinson,M,30/06/1987,Kiribati,36,Kiribati
153,Zoe,Turner,F,22/03/1975,Ni-Vanuatu,48,Ni-Vanuatu
152,Noah,Clark,M,03/02/1989,New Caledonian,34,New Caledonia
151,Emily,Lee,F,18/10/1986,Micronesian,37,Micronesia
150,Jack,Harris,M,07/11/1978,Palauan,45,Palau
149,Mia,Johnson,F,25/01/1988,Tahitian,35,Tahiti
148,Lucas,Wilson,M,11/07/1982,Vanuatu,41,Vanuatu
147,Ella,White,F,14/04/1985,Samoa,38,Samoa
146,William,Brown,M,29/09/1977,Solomon Islander,46,Solomon Island
145,Chloe,Mitchell,F,17/06/1980,Papua New Guinean,43,Papua New Guinea
144,Oliver,Turner,M,09/03/1981,Tongan,42,Tonga
143,Isabella,Davies,F,21/12/1979,Fijian,43,Fiji
142,Liam,Smith,M,15/05/1983,New Zealander,40,New Zealand
141,Sophie,Anderson,F,02/08/1976,Australian,47,Australia
140,Thabo,Ndlovu,M,27/04/1982,South African,41,South Africa
139,Moussa,Sissoko,M,30/09/1985,Malian,38,Mali
138,Chidinma,Eze,M,19/03/1976,Nigerian,47,Nigeria
137,Kwesi,Mensah,M,14/08/1981,Ghanaian,42,Ghana
136,Habiba,Diallo,F,09/06/1988,Malian,35,Mali
135,Isaac,Wanjohi,M,25/01/1989,Kenyan,34,Kenya
134,Fatou,Sow,M,18/12/1987,Senegalese,35,Senegal
133,Mohammed,Abubakar,M,20/10/1984,Nigerian,39,Nigeria
132,Aisha,Kamara,F,03/02/1979,Sierra Leonean,44,Sierra Leon
131,Sekou,Toure,M,10/07/1986,Guinean,37,Guinea
130,Naledi,Mokoena,M,28/05/1983,South African,40,South Africa
129,Lamine,Diop,F,12/04/1975,Senegalese,48,Senegal
128,Chinwe,Okoro,M,07/11/1980,Nigerian,43,Nigeria
127,Amina,Ndiaye,F,22/09/1977,Senegalese,46,Senegal
126,Kwame,Osei,M,15/03/1982,Ghanaian,41,Ghana
125,Marie-Claire,Dubois,F,16/08/1990,French,33,France
124,Andreas,Wagner,M,03/01/1986,German,37,Germany
123,Isabel,Martinez,F,27/04/1984,Spanish,39,Spain
122,Thomas,Fischer,M,09/10/1989,German,34,Germany
121,Ana,Silva,F,05/12/1987,Portuguese,35,Portugal
120,Lorenzo,Rossi,M,18/05/1982,Italian,41,Italy
119,Sophie,Lefebvre,F,30/07/1985,French,38,France
118,Matthias,Müller,M,14/09/1978,German,45,Germany
117,Elena,Rodriguez,F,11/03/1980,Spanish,43,Spain
116,Jean-Pierre,Dupont,M,22/06/1975,French,48,France
115,Silvija,Riekstiņa,F,28/02/1986,Latvian,37,Latvia
114,Pēteris,Auziņš,M,23/06/1985,Latvian,38,Latvia
113,Līga,Kalniņa,F,06/08/1992,Latvian,31,Latvia
112,Valdis,Salmiņš,M,18/03/1987,Latvian,36,Latvia
111,Zane,Bērziņa,F,12/12/1984,Latvian,38,Latvia
110,Mārtiņš,Ķirsis,M,10/05/1989,Latvian,34,Latvia
109,Inese,Sīmane,F,20/09/1983,Latvian,40,Latvia
108,Jānis,Pētersons,M,29/11/1978,Latvian,44,Latvia
107,Laima,Ozoliņa,F,02/04/1975,Latvian,48,Latvia
106,Andris,Bērziņš,M,15/07/1980,Latvian,43,Latvia
105,Nina,Petrova,F,19/01/1976,Bulgarian,47,Bulgaria
104,Miroslav,Hrbek,M,14/09/1982,Czech,41,Czech Republic
103,Lucie,Kovarova,F,30/12/1990,Czech,32,Czech Republic
102,Mikhail,Ivanov,M,08/04/1987,Russian,36,Russia
101,Irena,Kowalczyk,F,01/10/1991,Polish,32,Poland
100,Petr,Novak,M,28/02/1986,Czech,37,Czech Republic
99,Katerina,Dimitrova,F,23/06/1985,Bulgarian,38,Bulgaria
98,Mateusz,Nowak,M,06/08/1992,Polish,31,Poland
97,Jana,Kovac,F,18/03/1987,Slovak,36,Slovakia
96,Andriy,Shevchenko,M,12/12/1984,Ukrainian,38,Ukraine
95,Elena,Popescu,F,10/05/1989,Romanian,34,Rumania
94,Vladimir,Kuznetsov,M,20/09/1983,Russian,40,Russia
93,Tatiana,Novak,F,29/11/1978,Czech,44,Czech Republic
92,Ivan,Petrov,M,02/04/1975,Bulgarian,48,Bulgaria
91,Mariusz,Kowalski,M,15/07/1980,Polish,43,Poland
90,Dong,Hoang,M,19/01/1988,Vietnamese,35,Vietnam
89,Mei,Watanabe,M,14/09/1979,Japanese,44,Japan
88,Anish,Choudhury,M,30/12/1991,Bangladeshi,31,Bangladesh
87,Genghis,Bayar,M,08/04/1983,Mongolian,40,Mongolia
86,Jingwen,Xie,M,01/10/1986,Chinese,37,China
85,Natasha,Patel,F,28/02/1995,Indian,28,India
84,Ismail,Al-Mansoori,M,23/06/1987,Emirati,36,Emirates
83,Jing,Li,M,06/08/1981,Chinese,42,China
82,Kazuki,Tanaka,M,18/03/1993,Japanese,30,Japan
81,Yusuf,Erdogan,M,12/12/1984,Turkish,38,Turkey
80,Nadia,Zaman,F,10/05/1989,Bangladeshi,34,Bangladesh
79,Seung-Ho,Kim,M,20/09/1992,South Korean,31,South Korea
78,Ananya,Gupta,F,29/11/1977,Indian,45,India
77,Akihiko,Tanaka,M,02/04/1985,Japanese,38,Japan
76,Liu,Wei,M,15/07/1990,Chinese,33,China
75,Gonzalo,Castro,M,19/01/1988,Argentinian,35,Argentina
74,Lucia,Morales,F,14/09/1979,Spanish,44,Spain
73,Miguel,Ruiz,M,30/12/1991,Mexican,31,Mexico
72,Elena,Soto,F,08/04/1983,Venezuelan,40,Venezuela
71,Pablo,Diaz,M,01/10/1986,Chilean,37,Chile
70,Carmen,Torres,F,28/02/1995,Spanish,28,Spain
69,Luis,Martinez,M,23/06/1987,Mexican,36,Mexico
68,Ana,Fernandez,F,06/08/1981,Mexican,42,Mexico
67,Diego,Perez,M,18/03/1993,Spanish,30,Spain
66,Isabella,Lopez,F,12/12/1984,Argentinian,38,Argentina
65,Andres,Sanchez,M,10/05/1989,Peruvian,34,Peru
64,Sofia,Ramirez,F,20/09/1992,Colombian,31,Colombia
63,Carlos,Rodriguez,M,29/11/1977,Mexican,45,Mexico
62,Camila,Hernandez,F,02/04/1985,Mexican,38,Mexico
61,Javier,González,M,15/07/1990,Spanish,33,Spain
60,Anton,Nowak,M,04/11/1981,Polish,42,Poland
59,Ana,Silva,F,19/03/1996,Portuguese,27,Portugal
58,Eleni,Papadopoulos,F,15/05/1992,Greek,31,Greece
57,Raul,Martinez,M,10/08/1980,Mexican,43,Mexico
56,Hanna,Svensson,F,25/02/1994,Swedish,29,Sweden
55,Yan,Wei,M,30/04/1986,Chinese,37,China
54,Lucas,Santos,M,17/09/1988,Brazilian,35,Brazil
53,Maria,Ivanova,F,11/06/1995,Russian,28,Russia
52,Lise,Andersen,F,02/01/1983,Danish,40,Denmark
51,Giovanni,Bianchi,M,28/10/1977,Italian,46,Italy
50,Miguel,Rodríguez,M,01/07/1991,Mexican,32,Mexico
49,Vikram,Kapoor,M,09/05/1982,Indian,41,India
48,Marie,Dupont,F,14/12/1993,French,29,France
47,Amina,Ali,F,07/02/1984,Egyptian,39,Egypt
46,Sara,Fernández,F,23/04/1989,Spanish,34,Spain
45,Franz,Müller,M,08/09/1986,German,37,Germany
44,Elena,Petrov,F,19/11/1990,Russian,32,Russia
43,Takashi,Yamamoto,M,04/03/1985,Japanese,38,Japan
42,Isabella,Rossi,F,16/06/1987,Italian,36,Italy
41,Oliver,Wilson,M,22/08/1992,British,31,Great Britain
40,Jakub,Nowak,M,12/11/1986,Polish,37,Poland
39,Maria,Garcia,F,02/05/1991,Spanish,32,Spain
38,Kostas,Papadopoulos,M,24/04/1988,Greek,35,Greece
37,Juan,Rodriguez,M,28/09/1994,Mexican,29,Mexico
36,Sara,Andersson,F,30/06/1987,Swedish,36,Sweden
35,Hui,Li,M,09/10/1979,Chinese,44,China
34,Andres,Martinez,M,26/07/1990,Mexican,33,Mexico
33,Irina,Petrova,F,19/03/1983,Russian,40,Russia
32,Mette,Nielsen,M,11/02/1995,Danish,28,Denmark
31,Giorgio,Rossi,M,15/12/1976,Italian,46,Italy
30,Carlos,López,M,03/11/1993,Mexican,30,Mexico
29,Rajesh,Kapoor,M,23/08/1981,Indian,42,India
28,Léa,Dupuis,F,08/05/1986,French,37,France
27,Ahmed,Hussein,M,02/09/1982,Egyptian,41,Egypt
26,Catarina,Silva,F,29/01/1984,Portuguese,39,Portugal
25,Matthias,Schmidt,M,14/07/1992,German,31,Germany
24,Sofia,Ivanov,F,05/10/1989,Russian,34,Russia
23,Yuki,Nakamura,M,28/06/1977,Japanese,46,Japan
22,Ricardo,Fernandez,M,12/03/1985,Spanish,38,Spain
21,Emily,Johnson,F,17/04/1990,British,33,Great Britain
20,Anna,Nowak,F,20/02/1996,Polish,27,Poland
19,Carlos,Martínez,M,15/07/1984,Spanish,39,Spain
18,Anastasia,Papadopoulos,F,04/04/1989,Greek,34,Greece
17,Miguel,Rodriguez,M,09/12/1978,Mexican,44,Mexico
16,Johanna,Svensson,F,11/05/1992,Swedish,31,Sweden
15,Chen,Wei,M,22/06/1981,Chinese,42,China
14,Rafael,Santos,M,27/08/1986,Brazilian,37,Brazil
13,Olga,Ivanova,F,06/03/1993,Ukrainian,30,Ukraine
12,Sven,Hansen,M,18/10/1976,Danish,47,Denmark
11,Andrea,Bianchi,F,03/01/1982,Italian,41,Italy
10,Marta,López,F,30/07/1995,Mexican,28,Mexico
9,Amit,Patel,M,12/04/1987,Indian,36,India
8,Sophie,Dupont,F,25/09/1990,French,33,France
7,Ahmed,Ali,M,19/11/1979,Egyptian,44,Egypt
6,Luisa,Rodrigues,F,14/02/1983,Portuguese,40,Portugal
5,Lucas,Müller,M,07/06/1994,German,29,Germany
4,Elena,Kalashnikov,F,01/08/1988,Russian,35,Russia
3,Hiroshi,Tanaka,M,22/03/1975,Japanese,48,Japan
2,Maria,García,F,10/12/1991,Spanish,31,Spain
1,John,Smith,M,15/05/1980,American,43,USA