payment_id,payment_date,payment_method,amount,status
1,2021-10-20,"App Wallet",1250.06,Refunded
2,2022-09-11,"Credit Card",562.70,Pending
3,2022-09-14,"Credit Card",855.68,Failed
4,2023-04-05,PayPal,2009.49,Completed
5,2022-07-07,"Credit Card",483.28,Refunded
6,2022-11-09,"Credit Card",585.14,Pending
7,2022-03-30,PayPal,1532.04,Pending
8,2021-01-29,"Credit Card",28.69,Completed
9,2022-06-29,"App Wallet",560.88,Pending
10,2023-01-01,"App Wallet",1394.46,Refunded
11,2022-08-14,"Credit Card",154.96,Refunded
12,2023-02-05,"App Wallet",17.16,Completed
13,2020-11-29,PayPal,76.77,Completed
14,2021-12-31,"Credit Card",834.75,Failed
15,2021-02-01,PayPal,1719.58,Completed
16,2020-11-13,"App Wallet",60.20,Pending
17,2021-09-29,PayPal,178.75,Refunded
18,2022-10-30,"App Wallet",1184.15,Completed
19,2022-11-17,"App Wallet",216.15,Completed
20,2021-07-29,"App Wallet",1897.81,Refunded
21,2021-02-04,"Credit Card",1452.90,Pending
22,2023-10-17,"App Wallet",416.02,Completed
23,2021-07-08,"Credit Card",2290.67,Refunded
24,2021-11-07,PayPal,1201.93,Refunded
25,2022-11-04,"App Wallet",438.47,Completed
26,2021-01-31,"Credit Card",517.23,Failed
27,2021-10-11,"Credit Card",273.90,Pending
28,2022-08-29,"Credit Card",1572.65,Refunded
31,2021-11-01,"Credit Card",26.94,Failed
32,2021-08-27,"App Wallet",750.61,Completed
33,2022-07-03,PayPal,817.20,Failed
34,2023-05-21,"App Wallet",1753.16,Completed
35,2022-12-13,"Credit Card",253.29,Failed
36,2021-03-18,PayPal,261.00,Failed
37,2023-01-15,"App Wallet",817.72,Pending
38,2021-01-30,PayPal,2430.59,Completed
39,2022-05-24,"Credit Card",1368.98,Pending
41,2023-08-02,"App Wallet",2450.77,Completed
42,2023-07-29,PayPal,745.85,Failed
43,2020-12-07,PayPal,509.21,Refunded
44,2023-01-26,"App Wallet",261.19,Refunded
45,2022-01-07,PayPal,2123.47,Refunded
46,2021-05-14,"Credit Card",775.60,Pending
47,2021-07-13,"Credit Card",1147.95,Pending
48,2022-04-24,"Credit Card",949.80,Failed
49,2023-05-21,"App Wallet",158.22,Completed
50,2022-02-26,PayPal,1054.98,Failed
51,2020-11-06,"Credit Card",210.10,Refunded
52,2021-07-13,"Credit Card",850.86,Refunded
53,2021-04-30,PayPal,1262.52,Failed
54,2022-08-27,PayPal,206.75,Failed
55,2023-03-04,"Credit Card",1398.96,Failed
56,2022-10-22,PayPal,351.34,Failed
57,2021-08-09,PayPal,139.55,Pending
58,2022-04-27,"Credit Card",2105.63,Completed
59,2022-01-15,PayPal,1703.89,Completed
60,2022-03-25,"Credit Card",87.84,Pending
61,2020-11-28,PayPal,1447.98,Pending
62,2021-06-23,PayPal,362.00,Completed
63,2021-03-06,PayPal,364.20,Refunded
64,2021-02-16,"App Wallet",765.06,Completed
65,2022-03-25,PayPal,308.07,Failed
66,2021-08-07,"App Wallet",976.16,Refunded
67,2022-06-08,"Credit Card",104.08,Pending
68,2022-04-20,"Credit Card",1497.04,Refunded
69,2022-02-21,"Credit Card",335.55,Pending
70,2021-11-24,"Credit Card",43.73,Refunded
71,2021-08-31,"Credit Card",356.94,Pending
72,2021-09-13,"App Wallet",1155.24,Completed
73,2021-10-22,"Credit Card",461.41,Refunded
74,2023-06-12,"App Wallet",53.50,Completed
75,2022-06-09,PayPal,1571.41,Failed
76,2023-10-05,PayPal,873.90,Refunded
77,2021-08-17,PayPal,588.30,Pending
78,2022-07-05,"App Wallet",665.00,Completed
79,2021-07-17,"App Wallet",102.34,Pending
80,2022-05-21,"Credit Card",672.35,Completed
81,2022-12-18,PayPal,265.60,Completed
82,2022-05-12,PayPal,512.94,Completed
83,2021-09-09,"Credit Card",1231.52,Pending
84,2023-02-28,"App Wallet",137.62,Completed
85,2020-11-08,"App Wallet",2265.37,Refunded
86,2021-10-10,"Credit Card",804.06,Pending
87,2022-09-22,PayPal,219.98,Failed
88,2022-11-02,"App Wallet",500.92,Completed
89,2021-01-08,"App Wallet",703.22,Refunded
90,2022-12-14,"App Wallet",877.04,Completed
91,2022-04-23,"Credit Card",1624.24,Refunded
92,2023-09-02,"Credit Card",981.85,Pending
93,2020-12-27,"Credit Card",1036.16,Completed
94,2021-10-19,"App Wallet",2079.96,Completed
95,2021-01-31,PayPal,575.27,Completed
96,2023-01-03,"Credit Card",352.55,Completed
97,2021-11-11,"Credit Card",85.60,Refunded
98,2022-07-14,"Credit Card",875.14,Completed
99,2023-02-21,"Credit Card",1317.00,Pending
100,2023-08-09,"Credit Card",687.24,Refunded
101,2023-03-22,PayPal,1140.11,Failed
102,2022-02-01,"Credit Card",834.10,Refunded
103,2022-09-09,"App Wallet",1062.60,Refunded
104,2023-06-23,"Credit Card",542.52,Pending
105,2022-03-25,"Credit Card",1708.53,Pending
106,2021-04-29,"Credit Card",938.75,Failed
107,2021-09-04,"App Wallet",261.36,Completed
108,2022-12-07,"Credit Card",610.28,Completed
109,2021-03-02,PayPal,1012.91,Failed
110,2022-10-27,"Credit Card",115.40,Completed
111,2022-10-29,"App Wallet",861.12,Completed
112,2023-10-01,"Credit Card",1669.81,Refunded
113,2022-04-11,"Credit Card",195.36,Pending
114,2023-07-24,"Credit Card",81.88,Completed
115,2022-03-02,PayPal,470.64,Pending
116,2022-10-30,"App Wallet",1481.00,Pending
117,2023-06-25,PayPal,120.28,Pending
118,2021-10-18,"Credit Card",1955.96,Completed
119,2022-06-21,"App Wallet",268.52,Refunded
120,2022-11-13,"Credit Card",1493.32,Failed
121,2021-06-29,"Credit Card",1702.46,Refunded
122,2023-08-31,PayPal,546.24,Failed
123,2021-08-11,"App Wallet",711.91,Refunded
124,2023-09-17,"App Wallet",857.84,Completed
125,2022-01-03,"Credit Card",1295.02,Refunded
126,2021-02-23,"Credit Card",1584.94,Refunded
127,2022-05-12,PayPal,504.05,Refunded
128,2022-07-31,"Credit Card",669.06,Completed
129,2022-05-17,"Credit Card",1024.20,Refunded
130,2021-01-24,"App Wallet",840.18,Refunded
131,2020-12-02,PayPal,110.52,Refunded
132,2023-08-07,"App Wallet",119.29,Pending
133,2022-09-15,"Credit Card",625.66,Refunded
134,2023-01-28,"Credit Card",867.24,Failed
135,2022-09-18,"App Wallet",114.36,Completed
136,2022-09-17,PayPal,1121.14,Refunded
137,2023-05-19,PayPal,118.33,Completed
138,2022-10-19,"Credit Card",440.34,Refunded
139,2021-06-26,"Credit Card",395.22,Pending
140,2021-11-22,"App Wallet",402.24,Completed
141,2021-01-16,"Credit Card",815.79,Completed
142,2023-02-16,"App Wallet",159.10,Refunded
143,2023-08-24,"App Wallet",1315.30,Completed
144,2020-12-01,"App Wallet",870.96,Completed
145,2022-10-04,PayPal,342.30,Refunded
146,2021-07-18,"Credit Card",1540.09,Refunded
147,2021-11-05,PayPal,152.42,Refunded
148,2021-09-23,PayPal,591.54,Failed
149,2022-04-02,"App Wallet",1096.03,Refunded
150,2022-02-23,"App Wallet",914.08,Pending
151,2023-09-06,PayPal,183.84,Pending
152,2023-03-07,"App Wallet",2372.76,Completed
153,2022-10-09,"App Wallet",2057.28,Completed
154,2021-07-28,PayPal,279.80,Failed
155,2020-10-19,PayPal,365.61,Pending
156,2021-04-25,"Credit Card",515.12,Pending
157,2023-03-30,PayPal,396.92,Completed
158,2022-07-21,"App Wallet",1383.44,Completed
159,2023-04-25,PayPal,138.40,Completed
160,2021-12-13,"Credit Card",701.32,Completed
161,2021-03-17,"Credit Card",735.42,Refunded
162,2022-10-31,"App Wallet",52.34,Pending
163,2022-08-26,PayPal,628.08,Refunded
164,2021-05-13,PayPal,1274.00,Refunded
165,2022-04-15,"App Wallet",147.94,Completed
166,2022-11-06,"App Wallet",557.42,Completed
167,2021-10-27,"Credit Card",461.59,Pending
168,2023-06-22,"Credit Card",658.80,Pending
169,2021-03-28,"Credit Card",2230.00,Failed
170,2023-01-13,PayPal,201.24,Refunded
171,2022-12-08,"Credit Card",873.90,Refunded
172,2023-09-02,PayPal,712.82,Completed
173,2022-01-24,PayPal,1066.22,Completed
174,2023-10-02,"App Wallet",1479.48,Completed
175,2022-01-12,"App Wallet",747.54,Completed
176,2022-01-03,"Credit Card",768.54,Completed
177,2021-07-24,PayPal,1210.58,Refunded
178,2022-06-11,"App Wallet",1543.92,Refunded
179,2020-11-30,"App Wallet",468.34,Pending
180,2022-02-19,"Credit Card",531.59,Pending
181,2022-10-22,"Credit Card",206.68,Refunded
182,2022-09-05,PayPal,1353.25,Failed
183,2021-03-31,"Credit Card",225.82,Pending
184,2021-01-15,PayPal,1564.26,Completed
185,2022-05-05,PayPal,267.68,Completed
186,2021-01-01,PayPal,66.76,Completed
187,2022-09-20,"App Wallet",767.40,Refunded
188,2022-03-12,"App Wallet",530.12,Refunded
189,2020-10-31,PayPal,1362.47,Failed
190,2022-01-23,"Credit Card",1239.74,Completed
191,2022-03-25,"App Wallet",112.71,Refunded
192,2023-06-13,"Credit Card",985.13,Pending
193,2023-05-02,PayPal,170.66,Pending
194,2023-03-26,PayPal,717.58,Refunded
195,2021-03-01,"App Wallet",843.77,Completed
196,2023-08-05,PayPal,179.90,Pending
197,2021-08-23,"App Wallet",116.18,Pending
198,2022-04-19,"App Wallet",476.22,Completed
199,2022-02-11,"App Wallet",1560.75,Pending
200,2022-12-09,"App Wallet",1863.14,Completed
201,2021-08-29,"App Wallet",492.15,Completed
202,2023-02-05,"App Wallet",1969.56,Completed
203,2022-09-23,"App Wallet",503.05,Refunded
204,2023-03-27,PayPal,136.72,Failed
205,2022-10-18,PayPal,508.49,Pending
206,2022-02-13,"Credit Card",957.69,Failed
207,2021-11-30,"Credit Card",1782.97,Completed
208,2023-08-08,"App Wallet",1224.52,Completed
209,2023-02-23,"Credit Card",1016.82,Completed
210,2022-03-10,PayPal,139.55,Pending
211,2020-10-19,"Credit Card",629.34,Failed
212,2022-10-02,"App Wallet",363.10,Completed
213,2021-03-01,PayPal,511.85,Pending
214,2021-08-29,PayPal,377.05,Failed
215,2023-02-18,"Credit Card",1105.90,Refunded
216,2022-06-21,"Credit Card",371.10,Completed
217,2022-10-05,"App Wallet",356.15,Completed
218,2021-11-13,"Credit Card",42.53,Failed
219,2023-08-23,"Credit Card",525.90,Refunded
220,2021-08-11,"Credit Card",1149.27,Refunded
221,2021-04-24,"Credit Card",155.32,Completed
222,2022-03-31,PayPal,1461.50,Pending
223,2020-11-16,"Credit Card",394.20,Completed
224,2021-04-17,"Credit Card",894.16,Failed
225,2022-07-15,"Credit Card",901.49,Refunded
226,2023-08-07,PayPal,432.32,Pending
227,2021-01-21,PayPal,315.63,Completed
228,2023-02-19,"Credit Card",822.98,Failed
229,2020-12-02,"Credit Card",1283.37,Pending
230,2021-10-23,"Credit Card",1407.28,Refunded
231,2023-08-28,PayPal,1065.47,Completed
232,2021-04-09,PayPal,834.10,Failed
233,2023-08-29,"Credit Card",434.66,Refunded
234,2021-01-26,"App Wallet",227.90,Completed
235,2022-09-04,"App Wallet",206.42,Completed
236,2022-12-13,"Credit Card",374.00,Completed
237,2022-06-07,"App Wallet",618.12,Completed
238,2021-07-21,"App Wallet",1000.17,Refunded
239,2022-05-23,"Credit Card",411.42,Failed
240,2023-01-24,"Credit Card",301.65,Failed
241,2021-05-16,PayPal,1014.60,Pending
242,2023-10-04,"App Wallet",112.20,Completed
243,2023-03-17,"App Wallet",1441.89,Pending
244,2022-11-25,PayPal,659.76,Completed
245,2022-01-10,"App Wallet",695.76,Pending
246,2023-08-31,"Credit Card",880.49,Refunded
247,2021-12-30,"Credit Card",1594.83,Completed
249,2021-12-19,"App Wallet",605.34,Refunded
250,2021-01-23,"App Wallet",992.11,Completed
251,2022-10-28,PayPal,468.37,Pending
252,2022-10-18,PayPal,1190.00,Refunded
253,2021-03-25,PayPal,386.34,Refunded
254,2022-07-21,"Credit Card",957.66,Completed
255,2023-10-14,"Credit Card",669.04,Pending
256,2023-08-04,"App Wallet",9.96,Pending
257,2022-10-12,"Credit Card",451.60,Failed
258,2023-01-16,"App Wallet",1790.64,Refunded
259,2021-03-06,"App Wallet",527.03,Pending
260,2020-11-08,PayPal,1383.66,Refunded
261,2021-05-30,"App Wallet",138.00,Completed
262,2023-08-03,PayPal,2110.25,Completed
263,2023-07-02,PayPal,659.22,Completed
264,2023-10-08,"Credit Card",1419.71,Completed
265,2023-10-03,"App Wallet",1682.21,Completed
266,2021-05-14,"App Wallet",86.18,Pending
267,2022-10-20,"App Wallet",205.35,Refunded
268,2021-11-27,PayPal,531.30,Pending
269,2022-08-11,PayPal,129.76,Refunded
270,2022-02-11,"Credit Card",689.01,Pending
271,2023-05-15,"Credit Card",213.20,Pending
272,2023-03-14,"Credit Card",843.80,Refunded
273,2023-08-03,"Credit Card",651.59,Refunded
274,2023-05-03,"Credit Card",431.64,Refunded
275,2022-09-12,PayPal,267.75,Failed
276,2023-07-09,PayPal,1895.52,Failed
277,2022-06-07,PayPal,33.38,Completed
278,2021-04-30,"App Wallet",1281.94,Completed
279,2022-04-30,"App Wallet",496.32,Completed
280,2021-02-09,PayPal,291.55,Completed
281,2022-08-25,"App Wallet",98.05,Completed
282,2022-08-08,"Credit Card",744.34,Refunded
283,2022-06-02,PayPal,636.88,Failed
284,2020-12-08,"Credit Card",1460.86,Refunded
285,2021-05-20,PayPal,64.89,Pending
286,2022-02-01,"App Wallet",627.60,Completed
287,2021-04-04,"App Wallet",1465.86,Completed
288,2023-01-03,"App Wallet",145.60,Completed
289,2023-05-07,"App Wallet",223.60,Completed
290,2021-03-02,PayPal,716.13,Pending
291,2023-10-13,PayPal,1167.16,Refunded
292,2021-08-30,"Credit Card",1323.09,Completed
293,2021-08-29,PayPal,509.98,Refunded
294,2021-08-02,"App Wallet",1315.70,Completed
295,2021-10-15,"App Wallet",1673.21,Pending
296,2021-12-02,PayPal,452.00,Pending
297,2021-01-04,"App Wallet",498.16,Refunded
298,2022-09-26,"Credit Card",431.95,Completed
299,2023-03-20,"App Wallet",148.60,Pending
300,2021-01-28,PayPal,564.65,Failed
301,2023-02-10,"App Wallet",557.00,Refunded
302,2021-08-06,"App Wallet",1832.59,Completed
303,2022-07-25,"Credit Card",679.00,Pending
304,2023-09-30,"App Wallet",868.00,Refunded
305,2023-02-05,PayPal,1864.78,Failed
306,2023-06-03,"App Wallet",834.10,Completed
307,2021-09-21,"Credit Card",443.00,Completed
308,2021-04-08,"Credit Card",545.95,Completed
309,2021-08-11,"Credit Card",213.11,Pending
310,2022-05-10,"Credit Card",686.16,Refunded
311,2021-08-14,"App Wallet",28.84,Completed
312,2023-09-25,"Credit Card",876.44,Pending
313,2023-08-20,PayPal,779.20,Completed
314,2021-08-28,"Credit Card",646.11,Refunded
315,2022-03-25,"Credit Card",386.00,Pending
316,2022-05-24,"App Wallet",341.45,Completed
317,2023-01-27,PayPal,1799.44,Failed
318,2021-11-21,PayPal,420.35,Pending
319,2023-01-21,PayPal,359.23,Pending
320,2022-02-09,"App Wallet",791.73,Completed
321,2022-12-31,PayPal,134.17,Pending
322,2023-09-23,"Credit Card",235.35,Pending
323,2021-12-04,PayPal,1495.26,Completed
324,2023-02-22,"App Wallet",574.54,Pending
325,2022-04-05,"Credit Card",744.88,Refunded
326,2023-08-10,"App Wallet",1303.09,Completed
327,2023-04-13,PayPal,214.65,Failed
328,2020-11-03,"App Wallet",386.16,Refunded
329,2023-06-04,"Credit Card",354.48,Refunded
330,2022-11-14,"Credit Card",936.24,Failed
331,2022-11-02,PayPal,826.52,Refunded
332,2023-04-28,"Credit Card",734.36,Failed
333,2020-11-07,"App Wallet",579.51,Completed
334,2023-05-07,PayPal,741.70,Refunded
335,2022-05-30,"Credit Card",343.06,Refunded
336,2021-02-04,"Credit Card",904.14,Refunded
337,2022-04-09,"Credit Card",106.40,Refunded
338,2022-10-21,"Credit Card",376.58,Refunded
339,2021-10-12,"App Wallet",448.79,Completed
340,2021-05-07,"Credit Card",809.48,Refunded
341,2023-08-07,"Credit Card",576.24,Pending
342,2023-03-03,"App Wallet",109.71,Completed
343,2021-01-17,"Credit Card",519.36,Pending
344,2022-01-12,"App Wallet",528.75,Refunded
345,2023-01-02,"App Wallet",105.69,Refunded
347,2021-04-07,PayPal,251.32,Completed
348,2023-08-12,"Credit Card",163.62,Refunded
349,2023-06-10,"App Wallet",108.39,Pending
350,2021-05-26,PayPal,767.10,Refunded
351,2021-11-20,"App Wallet",572.22,Pending
352,2022-12-09,"App Wallet",524.34,Pending
353,2021-10-10,"App Wallet",493.68,Refunded
354,2023-06-20,"Credit Card",1039.57,Completed
355,2022-03-16,PayPal,279.27,Refunded
356,2022-07-30,"App Wallet",1293.55,Completed
357,2023-04-19,PayPal,1785.29,Failed
358,2022-11-17,"Credit Card",1110.90,Pending
359,2021-01-08,"Credit Card",146.70,Completed
360,2021-10-03,PayPal,1387.74,Failed
361,2022-07-27,"App Wallet",1700.26,Completed
362,2022-12-03,PayPal,682.02,Refunded
363,2023-02-03,"App Wallet",1436.64,Completed
364,2021-02-14,"Credit Card",2328.51,Refunded
365,2021-01-19,PayPal,1458.77,Completed
367,2023-06-06,"App Wallet",623.24,Pending
368,2022-05-04,"Credit Card",168.56,Refunded
369,2022-05-03,PayPal,1285.68,Failed
370,2021-07-13,"Credit Card",686.90,Refunded
371,2023-02-28,"Credit Card",79.01,Failed
372,2022-04-11,"Credit Card",870.25,Refunded
373,2021-05-04,"Credit Card",627.24,Refunded
374,2021-07-04,"Credit Card",572.22,Pending
375,2021-03-12,"Credit Card",433.40,Refunded
376,2021-08-22,"App Wallet",135.10,Refunded
377,2023-09-16,PayPal,867.40,Completed
378,2021-02-15,"App Wallet",797.70,Completed
379,2022-10-07,"App Wallet",1263.88,Completed
380,2022-08-22,PayPal,151.08,Refunded
381,2022-03-01,"App Wallet",720.72,Completed
382,2023-07-22,"App Wallet",462.36,Pending
383,2021-09-15,"Credit Card",1104.33,Completed
384,2022-04-26,"App Wallet",457.26,Completed
385,2022-01-04,PayPal,1291.29,Completed
386,2022-12-23,PayPal,974.12,Completed
387,2021-08-27,PayPal,913.86,Failed
389,2021-09-13,"Credit Card",549.15,Completed
390,2022-01-16,"App Wallet",984.52,Completed
391,2021-02-19,PayPal,442.62,Failed
392,2023-07-27,PayPal,935.24,Failed
393,2023-07-18,"App Wallet",128.89,Completed
394,2021-09-19,PayPal,1182.60,Pending
395,2023-06-26,"App Wallet",977.65,Pending
396,2022-01-31,"App Wallet",277.10,Pending
397,2021-06-06,"App Wallet",902.76,Completed
398,2021-12-02,"Credit Card",1586.94,Failed
399,2021-08-07,"Credit Card",105.94,Completed
400,2021-12-20,"App Wallet",215.60,Completed
401,2021-02-11,"App Wallet",713.16,Pending
402,2023-09-19,PayPal,1418.73,Failed
403,2023-10-14,"App Wallet",2443.52,Refunded
404,2022-04-07,PayPal,1258.17,Failed
405,2021-09-01,"Credit Card",617.13,Refunded
406,2021-02-15,PayPal,2452.77,Failed
407,2023-09-18,"Credit Card",402.20,Completed
408,2023-06-18,"App Wallet",352.96,Completed
409,2023-06-06,"Credit Card",1061.36,Completed
410,2021-07-10,PayPal,1142.95,Refunded
411,2022-12-15,PayPal,255.33,Completed
412,2020-11-27,"App Wallet",202.27,Completed
413,2022-07-15,PayPal,1012.24,Refunded
414,2022-03-03,"Credit Card",84.23,Failed
415,2020-10-25,"Credit Card",49.07,Completed
416,2021-05-27,"App Wallet",770.66,Completed
417,2020-11-14,PayPal,542.50,Failed
418,2022-09-06,"Credit Card",1316.82,Failed
419,2022-07-25,PayPal,993.71,Failed
420,2021-05-04,PayPal,107.30,Completed
421,2022-09-05,"Credit Card",804.48,Refunded
422,2021-11-14,PayPal,1390.22,Pending
423,2023-02-25,"App Wallet",1267.73,Completed
424,2021-04-19,"App Wallet",1142.76,Completed
425,2021-07-05,PayPal,2016.42,Completed
426,2022-06-08,"Credit Card",1878.70,Refunded
427,2021-09-12,"Credit Card",249.28,Pending
428,2021-10-26,"Credit Card",1310.81,Completed
429,2021-06-15,"App Wallet",474.96,Pending
430,2022-01-27,PayPal,893.07,Failed
431,2021-04-22,"Credit Card",553.68,Completed
432,2021-05-17,PayPal,1114.00,Failed
433,2023-07-04,"App Wallet",979.10,Completed
434,2021-01-16,"Credit Card",253.52,Failed
435,2021-09-06,PayPal,1130.20,Failed
436,2021-12-24,"App Wallet",428.12,Pending
437,2022-09-16,PayPal,714.00,Failed
438,2021-11-12,"App Wallet",150.82,Refunded
439,2021-11-23,PayPal,2135.64,Completed
440,2022-12-11,PayPal,443.06,Completed
441,2022-01-26,"App Wallet",29.88,Refunded
442,2022-11-01,"App Wallet",307.68,Completed
443,2023-09-07,PayPal,284.30,Failed
444,2022-11-21,"App Wallet",109.54,Refunded
445,2023-06-09,"App Wallet",567.10,Completed
446,2022-07-16,"App Wallet",379.98,Completed
447,2023-01-23,PayPal,1336.55,Completed
448,2023-01-29,"Credit Card",89.93,Refunded
449,2022-03-28,"App Wallet",13.79,Refunded
450,2023-08-22,PayPal,549.54,Refunded
451,2023-07-17,"App Wallet",575.76,Refunded
452,2022-09-11,"App Wallet",436.93,Completed
453,2023-09-07,"Credit Card",1331.61,Failed
454,2023-08-11,"Credit Card",896.61,Failed
455,2020-11-26,"App Wallet",1510.62,Completed
456,2022-10-06,PayPal,505.82,Pending
457,2022-04-30,"Credit Card",545.75,Failed
458,2021-06-04,"App Wallet",819.57,Refunded
459,2023-09-26,PayPal,296.10,Failed
460,2023-01-15,"Credit Card",833.13,Failed
461,2022-02-03,"App Wallet",1006.80,Pending
462,2022-02-02,"Credit Card",1333.46,Refunded
463,2023-06-13,"Credit Card",438.25,Completed
464,2021-02-23,"App Wallet",473.44,Completed
465,2022-07-31,"Credit Card",653.88,Refunded
466,2022-01-15,PayPal,927.09,Pending
467,2021-05-01,PayPal,212.80,Pending
468,2021-01-30,"Credit Card",574.10,Failed
469,2023-06-07,"App Wallet",1456.48,Refunded
470,2023-01-01,PayPal,998.44,Pending
471,2021-01-30,"App Wallet",790.40,Completed
472,2023-04-06,"Credit Card",2038.63,Failed
473,2021-07-09,"App Wallet",1371.20,Pending
474,2021-03-05,"App Wallet",957.97,Completed
475,2022-09-05,"App Wallet",218.65,Refunded
476,2023-04-07,"Credit Card",1770.30,Pending
477,2023-07-05,"Credit Card",1304.67,Failed
478,2021-03-05,"Credit Card",286.90,Refunded
479,2023-02-19,PayPal,581.65,Failed
480,2023-09-20,PayPal,585.81,Failed
481,2023-08-05,PayPal,253.32,Pending
482,2021-10-19,PayPal,406.65,Completed
483,2022-10-13,"App Wallet",250.15,Completed
484,2023-08-26,PayPal,2062.22,Failed
485,2021-08-27,PayPal,969.93,Completed
486,2021-06-27,PayPal,345.56,Refunded
487,2023-01-04,PayPal,1235.22,Refunded
488,2023-05-01,"App Wallet",59.48,Refunded
489,2022-11-07,PayPal,21.63,Refunded
490,2020-11-18,"Credit Card",66.32,Pending
491,2023-05-06,"Credit Card",908.61,Failed
492,2021-06-27,"Credit Card",452.04,Failed
493,2022-05-06,PayPal,588.75,Failed
494,2021-01-19,"App Wallet",412.86,Refunded
495,2023-09-06,"Credit Card",111.15,Pending
496,2022-08-27,"Credit Card",104.76,Refunded
497,2022-09-17,PayPal,555.12,Pending
498,2021-11-12,PayPal,582.00,Pending
499,2021-09-28,"Credit Card",2131.70,Failed
500,2022-11-03,"App Wallet",280.47,Refunded
501,2020-11-20,"App Wallet",106.96,Completed
502,2021-03-03,"App Wallet",773.62,Completed
503,2021-03-28,"Credit Card",652.15,Completed
504,2022-04-26,"Credit Card",1407.90,Failed
505,2022-08-29,"Credit Card",350.20,Pending
506,2020-10-26,"Credit Card",180.59,Pending
507,2023-06-14,"Credit Card",1467.71,Pending
508,2022-09-29,PayPal,276.80,Refunded
509,2021-01-08,"Credit Card",510.08,Pending
510,2022-06-28,PayPal,342.37,Failed
511,2021-05-04,PayPal,930.64,Failed
512,2021-08-11,"Credit Card",1175.19,Failed
513,2023-06-18,"Credit Card",2147.76,Refunded
514,2023-02-07,PayPal,970.53,Pending
515,2022-07-17,"Credit Card",216.32,Pending
516,2023-03-23,"App Wallet",2974.66,Pending
517,2021-01-23,PayPal,27.93,Refunded
518,2021-08-30,"App Wallet",389.32,Refunded
519,2022-12-26,"App Wallet",1709.89,Pending
520,2022-09-16,PayPal,1459.74,Failed
521,2021-11-08,"App Wallet",695.70,Refunded
522,2021-01-01,"App Wallet",1933.25,Refunded
523,2020-11-06,PayPal,812.52,Pending
524,2022-08-24,PayPal,1342.54,Failed
525,2023-05-13,"Credit Card",110.26,Refunded
526,2023-06-03,"Credit Card",666.20,Refunded
527,2023-07-21,"App Wallet",1036.03,Pending
528,2023-06-11,"Credit Card",871.65,Completed
529,2023-03-06,"Credit Card",260.10,Failed
530,2022-11-21,PayPal,2435.95,Pending
531,2022-01-16,PayPal,1123.70,Completed
532,2022-02-24,PayPal,1465.14,Failed
533,2023-09-03,PayPal,2489.77,Refunded
534,2022-04-25,PayPal,1107.86,Failed
535,2022-09-29,"App Wallet",237.00,Pending
536,2021-10-16,"Credit Card",111.30,Completed
537,2020-11-19,"App Wallet",192.06,Refunded
538,2022-02-12,"App Wallet",323.72,Completed
539,2022-03-01,"App Wallet",593.37,Completed
540,2022-09-11,"Credit Card",566.35,Completed
541,2021-12-11,"App Wallet",1374.42,Refunded
542,2022-07-04,PayPal,259.52,Failed
543,2021-09-20,PayPal,171.00,Refunded
544,2021-08-13,"Credit Card",1051.31,Completed
545,2022-07-07,"App Wallet",351.09,Pending
546,2022-04-18,"Credit Card",1111.68,Completed
547,2022-05-12,"Credit Card",1075.14,Completed
548,2021-09-17,"Credit Card",1009.62,Failed
549,2021-12-17,"Credit Card",1474.76,Completed
550,2023-05-17,PayPal,1602.34,Completed
551,2021-10-03,"App Wallet",1094.80,Completed
552,2022-01-10,"App Wallet",261.96,Completed
553,2021-07-03,"App Wallet",301.28,Completed
554,2023-04-02,PayPal,906.10,Failed
555,2021-04-08,"Credit Card",248.16,Pending
556,2022-06-12,"Credit Card",148.58,Failed
557,2023-01-12,"Credit Card",181.60,Refunded
558,2023-02-24,PayPal,1728.81,Pending
559,2022-12-06,"App Wallet",444.24,Completed
560,2023-01-19,"Credit Card",467.25,Pending
561,2023-08-13,"App Wallet",1623.67,Completed
562,2023-07-04,"App Wallet",1555.70,Pending
563,2023-07-26,PayPal,1270.15,Pending
564,2022-05-11,"Credit Card",792.84,Pending
565,2023-03-10,"App Wallet",165.34,Refunded
566,2023-01-03,"App Wallet",231.10,Completed
567,2022-03-09,PayPal,1078.02,Refunded
568,2021-06-26,"Credit Card",665.12,Pending
569,2023-08-02,"App Wallet",1368.32,Completed
570,2021-04-19,"Credit Card",56.46,Refunded
571,2021-12-09,PayPal,283.55,Completed
572,2023-09-06,PayPal,2204.09,Refunded
573,2022-11-12,"App Wallet",359.90,Completed
574,2021-06-14,"Credit Card",781.74,Completed
575,2023-08-12,PayPal,845.21,Pending
576,2021-05-16,"App Wallet",99.41,Completed
577,2021-01-22,PayPal,229.64,Failed
578,2023-08-11,"Credit Card",349.26,Refunded
579,2022-10-07,PayPal,704.28,Refunded
580,2021-06-17,PayPal,715.12,Failed
581,2020-12-10,"Credit Card",219.45,Refunded
582,2023-08-23,PayPal,814.62,Failed
583,2022-08-04,"Credit Card",583.63,Failed
584,2021-09-17,PayPal,1090.71,Failed
585,2021-08-21,PayPal,1230.02,Failed
586,2021-07-14,"App Wallet",2913.17,Pending
587,2021-05-05,PayPal,1789.49,Completed
588,2023-10-01,"Credit Card",103.82,Completed
589,2023-03-26,"Credit Card",1052.40,Refunded
590,2022-01-28,"App Wallet",339.03,Refunded
591,2021-08-15,"App Wallet",911.97,Completed
592,2022-06-08,"App Wallet",469.41,Completed
593,2021-09-06,PayPal,104.04,Refunded
594,2023-06-12,PayPal,1049.00,Failed
595,2022-10-31,"App Wallet",135.99,Completed
596,2022-04-04,"Credit Card",691.92,Pending
597,2022-10-02,PayPal,734.18,Failed
598,2020-12-18,PayPal,74.76,Refunded
599,2023-09-12,PayPal,109.74,Failed
600,2023-06-04,"App Wallet",1232.97,Pending
601,2023-10-04,PayPal,164.56,Failed
602,2021-11-08,"Credit Card",929.29,Pending
603,2022-08-19,"App Wallet",603.47,Completed
604,2022-04-03,PayPal,914.88,Completed
605,2021-11-26,"App Wallet",812.90,Completed
606,2022-04-14,"App Wallet",480.12,Completed
607,2023-02-02,"App Wallet",424.05,Completed
608,2023-03-03,PayPal,381.45,Completed
609,2022-09-14,"App Wallet",1110.90,Completed
610,2022-05-15,"Credit Card",254.20,Refunded
611,2023-03-16,PayPal,640.50,Pending
612,2021-02-26,"App Wallet",1648.06,Completed
613,2020-10-21,PayPal,805.37,Completed
614,2021-01-03,"Credit Card",1535.85,Pending
615,2022-08-19,PayPal,427.45,Failed
616,2020-12-20,"App Wallet",352.54,Completed
617,2021-04-30,"App Wallet",871.32,Completed
618,2022-10-26,"Credit Card",1174.29,Completed
619,2021-05-16,"Credit Card",439.65,Pending
620,2021-05-18,"App Wallet",99.76,Completed
621,2021-11-30,PayPal,1100.49,Pending
622,2022-08-25,"App Wallet",2148.36,Pending
623,2021-11-03,"Credit Card",464.09,Refunded
624,2021-06-12,PayPal,504.26,Completed
625,2023-09-24,"App Wallet",1063.08,Pending
626,2022-01-16,"Credit Card",1009.10,Completed
627,2023-05-27,PayPal,316.80,Completed
628,2021-08-25,"Credit Card",829.70,Completed
629,2021-11-20,"Credit Card",413.50,Pending
630,2022-03-20,"Credit Card",245.43,Refunded
631,2021-01-12,"App Wallet",828.90,Completed
632,2022-08-13,"App Wallet",761.76,Completed
633,2021-12-08,"Credit Card",1830.88,Refunded
634,2020-12-30,"Credit Card",81.78,Refunded
635,2021-03-19,"Credit Card",440.19,Failed
636,2021-12-18,PayPal,844.51,Completed
637,2022-01-06,"App Wallet",118.16,Completed
638,2021-01-14,"App Wallet",1537.83,Pending
639,2022-04-13,"Credit Card",310.02,Failed
640,2022-02-21,"Credit Card",1190.20,Completed
641,2022-07-22,"App Wallet",1130.73,Refunded
642,2023-05-23,"App Wallet",1058.42,Pending
643,2021-10-27,"Credit Card",221.49,Completed
644,2021-01-18,"Credit Card",973.24,Failed
645,2022-06-11,"Credit Card",990.35,Pending
646,2022-12-04,PayPal,627.48,Pending
647,2020-10-19,"App Wallet",126.06,Completed
648,2023-10-07,PayPal,1705.72,Pending
649,2021-05-28,"App Wallet",914.04,Completed
650,2022-05-18,"App Wallet",1388.02,Pending
651,2022-11-23,"App Wallet",873.04,Completed
652,2023-02-15,"Credit Card",77.48,Failed
653,2021-06-17,"Credit Card",2779.42,Completed
654,2023-03-30,"App Wallet",220.62,Completed
655,2021-09-22,PayPal,836.30,Completed
656,2023-03-20,"App Wallet",1071.84,Completed
657,2021-03-27,"Credit Card",855.83,Completed
658,2023-10-12,"Credit Card",2237.51,Failed
659,2022-08-13,"Credit Card",1374.99,Completed
660,2022-12-21,"Credit Card",830.52,Completed
661,2022-10-18,"App Wallet",313.19,Pending
662,2023-02-24,PayPal,114.21,Failed
663,2023-02-15,"Credit Card",1283.74,Completed
664,2023-08-01,PayPal,556.56,Failed
665,2021-11-04,PayPal,2638.12,Pending
666,2023-08-02,"App Wallet",575.56,Completed
667,2023-10-07,"Credit Card",273.88,Pending
668,2021-01-29,"App Wallet",695.46,Refunded
669,2023-06-05,"Credit Card",539.73,Completed
670,2022-08-19,"Credit Card",149.60,Completed
671,2021-09-19,"Credit Card",681.15,Pending
672,2021-01-23,"Credit Card",274.05,Pending
673,2023-06-10,"Credit Card",744.48,Failed
674,2021-03-12,"Credit Card",266.66,Failed
675,2023-05-21,"App Wallet",936.80,Completed
676,2022-04-01,"Credit Card",209.78,Refunded
677,2022-04-18,PayPal,1564.37,Failed
678,2023-09-09,PayPal,760.83,Pending
679,2022-09-14,PayPal,313.16,Refunded
680,2023-05-05,"Credit Card",612.01,Completed
681,2023-02-07,"Credit Card",1158.61,Refunded
682,2022-10-11,"App Wallet",121.75,Completed
683,2021-02-12,PayPal,1167.22,Pending
684,2023-03-02,PayPal,469.86,Refunded
685,2021-11-08,"App Wallet",854.20,Refunded
686,2023-08-29,PayPal,1458.06,Pending
687,2023-05-21,"App Wallet",381.15,Refunded
688,2021-08-03,"App Wallet",281.05,Refunded
689,2023-05-22,"App Wallet",318.99,Pending
690,2020-10-20,PayPal,1714.27,Failed
691,2023-08-13,"Credit Card",1413.06,Pending
692,2021-04-01,PayPal,892.41,Completed
693,2023-01-03,"Credit Card",83.00,Failed
694,2023-06-17,PayPal,257.21,Completed
695,2021-03-28,PayPal,347.59,Completed
696,2023-07-04,"Credit Card",47.61,Pending
697,2021-08-31,"App Wallet",1512.60,Completed
698,2023-05-02,"App Wallet",2239.34,Completed
699,2023-04-26,PayPal,277.69,Completed
700,2021-12-13,"Credit Card",576.48,Refunded
701,2021-05-05,"App Wallet",1161.82,Completed
702,2021-07-01,"App Wallet",1134.22,Pending
703,2023-05-21,"Credit Card",708.90,Failed
704,2022-12-22,PayPal,2077.03,Completed
705,2023-05-15,PayPal,461.30,Refunded
706,2020-10-28,"Credit Card",500.54,Failed
707,2022-11-29,PayPal,785.04,Failed
708,2021-04-16,"Credit Card",83.00,Completed
709,2021-05-10,"Credit Card",321.80,Pending
710,2022-04-15,"Credit Card",105.48,Refunded
711,2023-02-26,"App Wallet",222.04,Completed
712,2022-05-09,"Credit Card",1173.18,Pending
713,2021-09-24,"Credit Card",366.62,Pending
714,2023-08-22,PayPal,502.30,Completed
715,2022-02-04,PayPal,334.60,Pending
716,2021-01-11,"Credit Card",760.66,Completed
717,2022-08-17,"App Wallet",1173.90,Completed
718,2022-11-28,PayPal,1001.55,Completed
719,2023-06-18,"Credit Card",1387.06,Pending
720,2021-01-25,"Credit Card",396.71,Failed
721,2021-09-18,"App Wallet",692.00,Completed
722,2021-02-24,PayPal,221.91,Pending
723,2021-07-08,PayPal,1803.33,Failed
724,2020-12-31,"Credit Card",168.00,Failed
725,2020-10-21,"Credit Card",343.70,Pending
726,2022-03-31,"Credit Card",64.88,Failed
727,2022-09-20,"App Wallet",872.38,Completed
728,2021-08-17,PayPal,90.32,Pending
729,2023-05-20,PayPal,152.88,Failed
730,2022-05-03,"App Wallet",146.30,Completed
731,2023-04-14,PayPal,114.45,Failed
732,2022-05-22,"Credit Card",875.54,Pending
733,2021-02-07,"App Wallet",1053.50,Pending
734,2023-07-08,"App Wallet",583.33,Refunded
735,2023-04-08,"Credit Card",156.52,Failed
736,2022-03-02,PayPal,154.40,Refunded
737,2021-10-16,"App Wallet",1511.76,Completed
738,2021-07-22,"App Wallet",210.96,Completed
739,2021-10-31,"App Wallet",355.32,Refunded
740,2023-03-31,"Credit Card",693.06,Failed
741,2020-11-26,"Credit Card",97.80,Completed
742,2023-06-16,PayPal,1312.22,Refunded
743,2023-10-15,PayPal,560.58,Pending
744,2023-06-21,"Credit Card",1038.05,Completed
745,2022-01-07,"Credit Card",953.82,Completed
746,2022-06-16,"Credit Card",260.31,Completed
747,2021-11-04,"Credit Card",271.98,Completed
748,2023-10-05,"App Wallet",1414.36,Refunded
749,2022-08-28,"Credit Card",419.70,Completed
750,2023-09-13,"App Wallet",1001.98,Refunded
751,2023-01-16,"App Wallet",124.05,Refunded
752,2023-02-17,PayPal,1764.82,Failed
753,2021-02-02,PayPal,56.46,Refunded
754,2023-06-01,"App Wallet",770.40,Completed
755,2021-07-10,"App Wallet",504.30,Pending
756,2023-04-05,PayPal,558.96,Completed
757,2021-04-18,"App Wallet",945.27,Completed
758,2021-05-17,"Credit Card",1290.32,Failed
759,2023-09-08,PayPal,418.76,Failed
760,2023-06-05,"App Wallet",357.39,Pending
761,2021-03-18,"App Wallet",1928.82,Refunded
762,2022-02-05,"Credit Card",1302.11,Completed
763,2020-12-07,PayPal,1710.79,Refunded
764,2020-12-10,"App Wallet",338.13,Pending
765,2022-12-25,"Credit Card",73.68,Completed
766,2023-09-17,"Credit Card",56.37,Completed
767,2021-02-27,"Credit Card",208.18,Failed
768,2022-04-30,"Credit Card",172.23,Failed
769,2022-07-19,"Credit Card",189.62,Refunded
770,2023-09-16,"Credit Card",489.36,Completed
771,2023-07-15,"Credit Card",386.98,Refunded
772,2023-06-18,PayPal,2594.68,Refunded
773,2022-01-27,"Credit Card",177.17,Pending
774,2021-02-16,"Credit Card",363.65,Completed
775,2021-12-26,PayPal,302.17,Completed
776,2023-03-10,"App Wallet",852.88,Pending
777,2021-01-19,PayPal,807.27,Refunded
778,2021-11-03,"App Wallet",163.02,Completed
779,2022-08-02,"App Wallet",2194.54,Pending
780,2021-09-28,"Credit Card",443.35,Completed
781,2021-06-02,"App Wallet",124.68,Completed
782,2021-04-02,PayPal,157.49,Pending
783,2022-08-15,"Credit Card",338.13,Completed
784,2022-08-29,PayPal,1379.25,Pending
785,2021-09-24,"App Wallet",587.46,Refunded
786,2021-06-04,PayPal,1650.32,Pending
787,2022-01-09,"App Wallet",602.19,Refunded
788,2021-02-25,PayPal,1368.06,Pending
789,2022-05-15,PayPal,703.22,Refunded
790,2023-01-14,"App Wallet",1996.28,Refunded
791,2022-09-07,"Credit Card",674.30,Completed
792,2021-05-27,"App Wallet",447.81,Pending
793,2021-07-01,"Credit Card",1759.35,Pending
794,2021-11-02,"App Wallet",1005.00,Refunded
795,2022-03-05,"Credit Card",654.69,Failed
796,2022-02-28,"Credit Card",465.21,Pending
797,2020-10-19,"App Wallet",81.09,Completed
798,2023-07-09,PayPal,359.80,Pending
799,2022-08-22,PayPal,192.17,Refunded
800,2022-12-11,"App Wallet",229.50,Completed
801,2022-12-05,PayPal,663.12,Pending
802,2022-05-22,"App Wallet",637.56,Completed
803,2021-09-20,PayPal,1346.27,Failed
804,2021-12-24,"Credit Card",899.74,Failed
805,2021-08-21,"App Wallet",396.92,Refunded
806,2023-06-05,"App Wallet",3634.95,Pending
807,2022-06-15,"Credit Card",568.20,Failed
808,2022-07-30,"Credit Card",479.52,Pending
809,2022-09-25,"App Wallet",274.76,Completed
810,2022-10-25,"Credit Card",336.36,Refunded
811,2022-02-18,PayPal,1497.41,Pending
812,2022-07-05,"App Wallet",1108.95,Refunded
813,2022-09-07,"App Wallet",1764.48,Completed
814,2023-10-08,"Credit Card",195.51,Pending
815,2021-08-08,"Credit Card",1168.90,Failed
816,2023-02-24,PayPal,68.69,Refunded
817,2022-05-08,"Credit Card",876.32,Refunded
818,2021-08-24,"Credit Card",561.23,Pending
819,2023-02-01,PayPal,518.83,Pending
820,2022-02-24,PayPal,186.02,Completed
821,2022-05-12,"App Wallet",808.56,Completed
822,2022-07-13,"App Wallet",691.92,Pending
823,2021-05-06,PayPal,1446.05,Completed
824,2021-02-28,PayPal,127.10,Failed
825,2023-05-08,PayPal,580.96,Failed
826,2023-03-08,"Credit Card",1214.00,Completed
827,2022-11-24,PayPal,248.42,Refunded
828,2022-08-17,"Credit Card",1396.96,Pending
829,2023-08-26,"App Wallet",1129.50,Completed
830,2022-11-25,"Credit Card",1480.00,Pending
831,2022-02-20,PayPal,112.56,Completed
832,2023-07-02,"Credit Card",1849.25,Pending
833,2020-12-14,PayPal,1504.64,Completed
834,2023-07-30,"Credit Card",611.75,Failed
835,2023-02-09,PayPal,1893.77,Refunded
836,2022-11-22,PayPal,137.38,Refunded
837,2021-02-11,"App Wallet",1514.11,Refunded
838,2022-10-30,"App Wallet",69.65,Completed
839,2021-12-07,"Credit Card",1462.77,Completed
840,2021-02-04,"Credit Card",1452.38,Failed
841,2023-02-25,"Credit Card",339.20,Failed
842,2021-05-19,"App Wallet",637.26,Refunded
843,2022-01-10,PayPal,1626.49,Failed
844,2022-08-10,"Credit Card",234.32,Completed
845,2021-07-20,"App Wallet",516.69,Completed
846,2023-05-16,"Credit Card",456.98,Refunded
847,2023-08-20,"Credit Card",41.08,Completed
848,2022-04-29,"App Wallet",315.47,Completed
849,2021-08-11,"App Wallet",944.79,Pending
850,2023-10-01,PayPal,731.55,Pending
851,2022-03-11,"Credit Card",2182.50,Pending
852,2022-11-20,"Credit Card",1030.74,Completed
853,2021-05-22,"App Wallet",1165.50,Completed
854,2020-12-06,"App Wallet",1741.72,Refunded
855,2021-10-04,"Credit Card",669.40,Completed
856,2022-05-05,PayPal,116.70,Failed
857,2022-08-21,PayPal,1092.27,Refunded
858,2021-06-25,PayPal,568.40,Pending
859,2022-12-24,"App Wallet",1963.25,Completed
860,2021-03-15,"Credit Card",505.21,Completed
861,2021-06-16,"Credit Card",2929.74,Completed
862,2020-12-08,"App Wallet",808.60,Pending
863,2023-06-07,PayPal,416.44,Failed
864,2020-11-03,"Credit Card",218.16,Completed
865,2022-05-13,"App Wallet",549.62,Completed
866,2022-01-13,PayPal,1768.88,Completed
867,2023-08-25,PayPal,701.64,Completed
868,2023-08-13,PayPal,928.64,Failed
869,2022-05-06,"Credit Card",506.34,Refunded
870,2023-08-23,"App Wallet",1637.52,Refunded
871,2020-10-26,PayPal,344.64,Refunded
872,2020-12-03,"App Wallet",982.94,Refunded
873,2021-06-07,"Credit Card",23.62,Completed
874,2023-06-07,"App Wallet",692.27,Pending
875,2022-06-21,"App Wallet",466.48,Pending
876,2020-10-24,PayPal,744.70,Refunded
877,2022-01-24,"Credit Card",1634.34,Refunded
878,2022-12-30,"App Wallet",898.22,Pending
879,2021-07-19,"Credit Card",1528.40,Refunded
880,2021-09-05,PayPal,558.54,Pending
881,2023-05-18,"App Wallet",1491.86,Pending
882,2023-06-30,PayPal,1522.70,Failed
883,2023-01-04,"Credit Card",1137.10,Completed
884,2023-02-08,"App Wallet",956.34,Completed
885,2022-11-18,"App Wallet",604.60,Refunded
886,2023-05-27,"Credit Card",752.67,Failed
887,2022-12-14,PayPal,796.99,Pending
888,2021-01-21,"App Wallet",136.52,Completed
889,2022-08-16,"Credit Card",519.90,Failed
890,2022-01-11,"Credit Card",1062.50,Refunded
891,2022-03-20,"Credit Card",532.87,Pending
892,2023-04-09,"App Wallet",2059.29,Completed
893,2021-07-17,PayPal,644.44,Pending
894,2022-11-06,"Credit Card",140.64,Failed
895,2021-01-03,"App Wallet",660.70,Completed
896,2021-07-19,"Credit Card",345.51,Pending
897,2021-03-22,PayPal,1914.25,Completed
898,2022-09-05,PayPal,599.72,Failed
899,2022-01-17,"App Wallet",57.90,Pending
900,2022-02-10,PayPal,173.38,Refunded
901,2023-04-22,"App Wallet",349.11,Completed
902,2021-03-23,"Credit Card",520.46,Failed
903,2023-07-17,"App Wallet",838.84,Completed
904,2021-11-27,PayPal,627.54,Pending
905,2023-09-04,"Credit Card",623.40,Completed
906,2023-04-18,"App Wallet",1071.48,Completed
907,2022-12-10,"Credit Card",787.92,Completed
908,2023-01-06,"App Wallet",159.14,Completed
909,2023-07-01,PayPal,1129.57,Failed
910,2021-02-25,"App Wallet",330.90,Completed
911,2021-08-17,PayPal,76.40,Refunded
912,2023-10-10,"Credit Card",64.89,Completed
913,2023-07-26,"App Wallet",502.36,Completed
914,2021-01-04,"App Wallet",664.68,Refunded
915,2023-06-28,PayPal,1020.02,Completed
916,2023-07-24,PayPal,331.75,Failed
917,2022-05-06,"Credit Card",35.13,Failed
918,2022-02-28,"App Wallet",920.64,Completed
919,2022-05-03,"Credit Card",238.04,Pending
920,2023-03-27,"App Wallet",225.84,Refunded
921,2021-05-06,PayPal,370.13,Completed
922,2023-01-12,"App Wallet",862.50,Completed
923,2022-12-11,PayPal,58.60,Refunded
924,2021-04-22,"Credit Card",1174.77,Completed
925,2021-11-21,"App Wallet",386.88,Completed
926,2022-09-15,PayPal,49.80,Pending
927,2021-01-31,"Credit Card",380.88,Completed
928,2022-06-06,PayPal,897.62,Failed
929,2023-10-15,"Credit Card",116.16,Completed
930,2020-12-30,PayPal,419.59,Refunded
931,2022-05-19,PayPal,1152.72,Refunded
933,2021-10-27,PayPal,899.30,Pending
935,2022-03-18,"App Wallet",1093.98,Refunded
936,2021-01-02,"Credit Card",1249.02,Failed
937,2023-07-07,"App Wallet",272.70,Completed
938,2022-09-23,"App Wallet",234.06,Completed
939,2021-01-21,PayPal,813.77,Completed
940,2022-10-05,PayPal,1258.60,Refunded
941,2021-01-18,"Credit Card",611.55,Pending
942,2021-04-01,"Credit Card",925.20,Failed
943,2023-05-09,"App Wallet",630.03,Completed
944,2021-02-05,"Credit Card",477.25,Pending
945,2021-03-25,"Credit Card",143.58,Refunded
946,2023-06-12,"App Wallet",1512.30,Completed
947,2022-12-26,"Credit Card",432.81,Failed
948,2022-07-21,PayPal,797.82,Completed
949,2021-05-05,"Credit Card",1340.57,Pending
950,2023-03-30,"App Wallet",818.51,Refunded
951,2021-11-25,PayPal,487.76,Pending
952,2022-04-29,"Credit Card",145.56,Refunded
953,2023-06-20,PayPal,677.53,Completed
954,2022-03-01,PayPal,354.48,Completed
955,2022-05-01,PayPal,1399.27,Failed
956,2022-09-30,PayPal,1883.81,Failed
957,2021-07-13,"App Wallet",608.66,Completed
958,2021-02-18,"Credit Card",728.94,Pending
959,2022-02-15,"Credit Card",249.52,Refunded
960,2022-01-31,"App Wallet",1409.88,Completed
961,2022-03-04,"App Wallet",496.33,Completed
962,2021-04-02,"App Wallet",335.72,Refunded
963,2023-03-04,"App Wallet",1557.18,Pending
964,2021-08-19,"App Wallet",619.29,Refunded
965,2023-09-11,"App Wallet",1375.62,Completed
966,2023-02-06,"Credit Card",839.36,Failed
967,2022-02-05,"Credit Card",901.96,Completed
968,2020-11-13,"App Wallet",1729.24,Completed
969,2021-07-22,PayPal,337.44,Refunded
970,2022-10-23,"Credit Card",781.04,Failed
971,2023-07-31,"Credit Card",1770.16,Pending
972,2021-03-24,"App Wallet",894.08,Refunded
973,2022-05-08,"App Wallet",301.95,Pending
974,2022-07-21,PayPal,1049.72,Completed
975,2023-05-19,PayPal,1212.31,Failed
976,2021-02-08,PayPal,227.08,Completed
977,2021-02-23,PayPal,64.20,Completed
978,2022-10-01,"App Wallet",33.38,Pending
979,2023-07-24,"Credit Card",756.45,Refunded
980,2021-04-13,"Credit Card",75.52,Completed
981,2021-04-08,"App Wallet",804.10,Pending
982,2021-08-26,"Credit Card",716.49,Refunded
983,2022-09-09,"Credit Card",662.06,Refunded
984,2023-04-16,"App Wallet",344.30,Completed
985,2022-02-03,"App Wallet",1111.26,Pending
986,2021-05-26,PayPal,1247.21,Completed
987,2022-02-26,PayPal,508.40,Pending
988,2023-06-23,"App Wallet",237.00,Completed
989,2021-06-03,"Credit Card",1343.23,Refunded
990,2022-09-03,"Credit Card",450.30,Failed
991,2022-02-15,"App Wallet",80.36,Completed
992,2022-09-15,"Credit Card",239.64,Pending
993,2023-09-13,"Credit Card",709.42,Completed
994,2021-08-25,PayPal,109.01,Failed
995,2022-09-02,"App Wallet",175.65,Refunded
996,2021-11-23,"App Wallet",413.30,Refunded
997,2022-04-15,PayPal,941.72,Failed
998,2023-05-27,"App Wallet",1782.63,Refunded
999,2021-02-27,"App Wallet",962.66,Refunded
1000,2021-08-17,"App Wallet",580.96,Pending
1001,2023-08-30,PayPal,976.72,Refunded
1002,2023-07-17,"Credit Card",490.85,Completed
1003,2022-03-19,PayPal,353.76,Refunded
1004,2021-03-27,"App Wallet",657.36,Refunded
1005,2020-11-13,PayPal,701.10,Completed
1006,2020-12-01,PayPal,84.66,Refunded
1007,2022-10-20,"Credit Card",561.65,Pending
1008,2021-11-29,"App Wallet",1527.22,Completed
1009,2023-01-01,"Credit Card",922.80,Failed
1010,2023-02-21,"Credit Card",1981.80,Failed
1011,2022-12-19,PayPal,425.67,Refunded
1012,2023-04-01,"App Wallet",225.53,Completed
1013,2023-07-18,"Credit Card",1755.80,Failed
1014,2021-07-02,"App Wallet",140.22,Refunded
1015,2021-02-23,"App Wallet",444.52,Completed
1016,2020-12-16,"App Wallet",503.73,Refunded
1017,2021-07-22,"App Wallet",759.14,Completed
1018,2023-04-11,"Credit Card",1325.10,Failed
1019,2021-09-12,"App Wallet",1602.73,Pending
1020,2023-04-11,PayPal,770.46,Failed
1021,2023-10-05,"Credit Card",454.25,Completed
1022,2023-01-20,PayPal,331.38,Pending
1023,2022-07-28,"App Wallet",744.26,Completed
1024,2021-01-30,"Credit Card",353.06,Failed
1025,2022-12-11,PayPal,1238.03,Pending
1026,2022-11-17,PayPal,859.14,Failed
1027,2021-08-13,"App Wallet",904.40,Pending
1028,2021-03-22,"App Wallet",303.38,Pending
1029,2020-12-03,"Credit Card",1126.61,Completed
1030,2022-07-13,"Credit Card",697.85,Failed
1031,2021-04-27,"Credit Card",279.27,Refunded
1032,2022-02-20,"App Wallet",1310.34,Completed
1033,2021-03-06,"Credit Card",605.27,Failed
1034,2021-02-26,"Credit Card",166.22,Completed
1035,2021-05-25,"Credit Card",307.15,Failed
1036,2023-03-14,"Credit Card",1076.58,Pending
1037,2022-11-19,PayPal,2203.35,Refunded
1038,2021-02-17,"Credit Card",737.96,Refunded
1039,2021-06-16,PayPal,769.68,Refunded
1040,2022-10-24,"App Wallet",1608.45,Pending
1041,2023-06-04,"Credit Card",3325.96,Refunded
1042,2023-08-06,PayPal,186.68,Refunded
1043,2020-11-04,PayPal,410.87,Pending
1044,2021-02-24,PayPal,3457.99,Pending
1045,2021-01-02,"Credit Card",600.36,Completed
1046,2022-02-15,"App Wallet",78.29,Completed
1047,2022-09-08,"App Wallet",2746.40,Refunded
1048,2022-03-11,PayPal,1161.72,Pending
1049,2021-07-05,"Credit Card",349.02,Completed
1050,2022-04-24,PayPal,187.02,Failed
1051,2023-10-17,"Credit Card",949.80,Failed
1052,2021-10-29,"App Wallet",149.95,Completed
1053,2022-07-26,"App Wallet",739.61,Pending
1054,2023-10-02,"App Wallet",674.93,Completed
1055,2023-07-21,"Credit Card",1481.84,Completed
1056,2023-08-17,PayPal,549.95,Pending
1057,2022-10-27,"Credit Card",1157.82,Pending
1058,2022-07-13,"Credit Card",1870.76,Pending
1059,2021-01-10,"App Wallet",496.15,Completed
1060,2022-08-08,"Credit Card",828.36,Failed
1061,2021-01-31,PayPal,211.16,Failed
1062,2022-03-25,"App Wallet",864.18,Refunded
1063,2022-09-19,PayPal,790.94,Refunded
1064,2021-12-30,"Credit Card",818.72,Failed
1065,2023-01-20,"Credit Card",1634.22,Refunded
1066,2022-02-23,PayPal,200.76,Failed
1067,2023-02-24,PayPal,491.30,Pending
1068,2022-08-18,"Credit Card",1372.86,Pending
1069,2023-01-10,PayPal,418.23,Completed
1070,2023-10-08,"App Wallet",320.88,Completed
1071,2021-06-30,PayPal,300.32,Completed
1072,2023-08-22,"Credit Card",1321.85,Refunded
1073,2022-07-14,PayPal,459.20,Refunded
1074,2023-03-12,"Credit Card",26.37,Refunded
1075,2021-10-07,PayPal,262.38,Pending
1076,2021-12-10,"App Wallet",643.20,Pending
1077,2023-05-09,PayPal,1001.70,Failed
1078,2023-06-01,PayPal,884.08,Failed
1079,2023-04-27,"Credit Card",329.12,Failed
1080,2022-12-18,PayPal,1131.71,Refunded
1081,2021-04-18,"Credit Card",304.01,Failed
1082,2023-06-17,"App Wallet",107.55,Pending
1083,2022-06-17,PayPal,847.89,Pending
1084,2022-02-03,"Credit Card",633.20,Pending
1085,2022-09-22,"Credit Card",1561.56,Pending
1086,2023-04-26,"Credit Card",1021.15,Refunded
1087,2023-07-03,"Credit Card",1373.51,Failed
1088,2022-04-06,"App Wallet",542.78,Pending
1089,2023-02-07,"App Wallet",708.19,Refunded
1090,2021-11-30,PayPal,1585.18,Failed
1091,2021-02-15,PayPal,283.07,Completed
1092,2023-01-20,PayPal,930.69,Pending
1093,2021-08-21,"Credit Card",1862.79,Pending
1094,2021-03-28,PayPal,91.58,Failed
1095,2021-07-30,"Credit Card",470.73,Failed
1096,2023-07-10,"App Wallet",601.10,Completed
1097,2022-11-27,"Credit Card",337.76,Pending
1098,2023-02-24,PayPal,1073.96,Pending
1099,2023-04-02,PayPal,214.38,Completed
1100,2021-08-12,PayPal,1395.74,Completed
1101,2023-01-15,"Credit Card",872.70,Pending
1102,2022-04-09,"App Wallet",519.81,Refunded
1103,2021-04-15,PayPal,590.58,Refunded
1104,2023-06-04,"App Wallet",818.16,Refunded
1105,2022-11-11,PayPal,691.45,Pending
1106,2022-03-06,PayPal,78.45,Refunded
1107,2021-08-16,"Credit Card",290.72,Completed
1108,2022-11-04,PayPal,746.56,Pending
1109,2021-03-26,"App Wallet",165.59,Completed
1110,2021-09-14,PayPal,791.07,Failed
1111,2021-10-27,"Credit Card",2173.87,Failed
1112,2021-05-18,PayPal,947.93,Failed
1113,2021-11-26,PayPal,1626.38,Completed
1114,2021-09-03,"Credit Card",748.26,Completed
1115,2022-05-03,PayPal,249.12,Failed
1116,2021-05-27,"App Wallet",1684.53,Completed
1117,2021-10-08,"Credit Card",916.84,Pending
1118,2022-06-14,"Credit Card",1542.14,Failed
1119,2022-01-11,"Credit Card",83.04,Completed
1120,2020-11-17,PayPal,452.64,Pending
1121,2021-04-12,"App Wallet",236.72,Completed
1122,2021-06-02,PayPal,1163.30,Refunded
1123,2021-08-04,"App Wallet",886.41,Refunded
1124,2022-09-01,"App Wallet",1049.00,Completed
1125,2023-03-08,"Credit Card",458.42,Completed
1126,2023-04-14,"App Wallet",852.52,Completed
1127,2023-07-02,"App Wallet",507.96,Completed
1128,2023-02-14,"Credit Card",170.45,Completed
1129,2022-11-23,PayPal,332.00,Refunded
1130,2020-11-30,PayPal,537.94,Pending
1131,2021-10-31,"App Wallet",624.15,Completed
1132,2022-09-13,"App Wallet",2135.71,Completed
1133,2022-04-29,PayPal,1632.27,Pending
1134,2022-10-12,"Credit Card",298.16,Failed
1135,2021-05-27,"Credit Card",1965.79,Refunded
1136,2021-10-31,PayPal,659.76,Refunded
1137,2021-05-18,"App Wallet",819.56,Pending
1138,2021-08-09,"Credit Card",1677.76,Completed
1139,2021-12-24,"App Wallet",1028.24,Completed
1140,2021-11-13,"App Wallet",959.49,Completed
1141,2023-10-10,PayPal,532.22,Pending
1142,2023-02-07,"App Wallet",29.43,Completed
1143,2023-01-12,PayPal,781.55,Pending
1144,2023-06-09,"Credit Card",990.96,Refunded
1145,2021-10-07,PayPal,252.05,Pending
1146,2021-04-14,PayPal,744.03,Refunded
1147,2021-10-08,"App Wallet",73.05,Completed
1148,2022-09-06,"App Wallet",519.52,Completed
1150,2022-03-19,"Credit Card",523.27,Refunded
1151,2021-04-29,"Credit Card",220.62,Refunded
1152,2022-01-05,"Credit Card",143.34,Refunded
1153,2022-11-22,"App Wallet",649.20,Refunded
1154,2023-10-17,"App Wallet",286.16,Completed
1155,2020-12-15,"App Wallet",753.30,Completed
1156,2021-12-09,"App Wallet",2499.10,Pending
1157,2021-01-22,PayPal,1121.08,Completed
1158,2023-03-01,"Credit Card",1061.48,Completed
1159,2023-01-27,"Credit Card",233.90,Refunded
1160,2022-03-29,"Credit Card",133.68,Refunded
1161,2020-12-03,"App Wallet",1641.24,Completed
1162,2022-03-16,PayPal,1623.10,Completed
1163,2022-04-02,PayPal,31.96,Completed
1164,2021-03-30,"Credit Card",1049.04,Pending
1165,2023-06-12,PayPal,23.00,Completed
1166,2022-09-23,PayPal,85.80,Refunded
1167,2022-12-24,"App Wallet",1177.23,Refunded
1168,2023-07-01,PayPal,1065.24,Pending
1169,2022-01-11,"Credit Card",1456.96,Failed
1170,2022-09-04,"App Wallet",720.48,Completed
1171,2021-01-02,"Credit Card",1585.47,Completed
1172,2022-12-12,PayPal,449.33,Completed
1173,2022-05-23,PayPal,488.24,Completed
1174,2021-06-29,"Credit Card",2190.34,Refunded
1175,2021-07-28,PayPal,452.99,Refunded
1176,2022-02-18,"App Wallet",40.06,Completed
1177,2022-12-12,"App Wallet",525.68,Refunded
1178,2021-11-25,"App Wallet",422.20,Completed
1179,2021-02-22,"App Wallet",562.94,Refunded
1180,2022-02-21,"Credit Card",1907.48,Completed
1181,2023-01-08,"Credit Card",1109.20,Pending
1182,2021-06-28,"App Wallet",564.32,Pending
1183,2022-06-27,"App Wallet",1215.85,Pending
1184,2023-04-30,"Credit Card",819.00,Refunded
1185,2021-11-04,PayPal,3929.58,Refunded
1186,2021-06-03,"Credit Card",489.44,Refunded
1187,2021-10-11,"App Wallet",192.25,Completed
1188,2022-06-05,"App Wallet",975.24,Completed
1189,2022-12-16,PayPal,389.12,Failed
1190,2023-09-16,"Credit Card",17.34,Refunded
1191,2021-07-22,"App Wallet",2095.98,Pending
1192,2021-02-07,"Credit Card",45.60,Pending
1193,2022-02-06,"Credit Card",187.36,Pending
1194,2020-12-01,PayPal,1746.45,Refunded
1195,2022-07-25,PayPal,512.40,Refunded
1196,2020-11-26,"App Wallet",742.17,Completed
1197,2020-12-30,"Credit Card",738.99,Refunded
1198,2022-02-23,PayPal,1402.90,Completed
1199,2021-07-01,PayPal,958.26,Refunded
1200,2022-09-24,"Credit Card",1309.86,Pending
1201,2021-08-31,"Credit Card",243.67,Completed
1202,2023-03-23,"App Wallet",820.89,Refunded
1203,2023-08-09,"App Wallet",2110.52,Pending
1204,2020-12-03,PayPal,1829.95,Completed
1205,2021-06-01,PayPal,970.86,Refunded
1206,2022-01-10,"Credit Card",355.20,Completed
1207,2021-09-21,"App Wallet",1664.71,Completed
1208,2022-10-01,"App Wallet",937.98,Completed
1209,2023-02-25,"Credit Card",90.06,Failed
1210,2021-08-09,PayPal,1339.20,Completed
1211,2022-02-25,PayPal,1144.89,Failed
1212,2023-07-05,PayPal,631.08,Failed
1213,2021-04-17,PayPal,171.60,Completed
1214,2023-07-08,"Credit Card",1908.70,Pending
1215,2021-02-21,"App Wallet",1624.37,Refunded
1216,2023-03-01,PayPal,501.57,Failed
1217,2020-10-22,"App Wallet",506.34,Completed
1218,2021-01-27,"Credit Card",253.09,Failed
1219,2021-09-28,"Credit Card",3016.19,Completed
1220,2023-02-24,"App Wallet",787.61,Completed
1221,2021-07-26,PayPal,210.50,Failed
1222,2022-03-07,PayPal,102.06,Failed
1223,2020-11-20,"App Wallet",790.31,Completed
1224,2020-11-28,"App Wallet",1289.05,Completed
1225,2021-06-27,"App Wallet",195.76,Completed
1226,2022-03-08,PayPal,270.33,Failed
1227,2023-02-18,"Credit Card",1939.24,Completed
1228,2023-04-28,"App Wallet",1107.69,Pending
1229,2021-12-04,PayPal,733.08,Completed
1230,2022-02-16,"App Wallet",677.49,Refunded
1231,2021-11-26,PayPal,928.89,Refunded
1232,2022-07-01,"App Wallet",1214.37,Completed
1233,2022-03-03,"App Wallet",578.58,Completed
1234,2021-10-12,"Credit Card",1234.36,Failed
1236,2022-08-06,PayPal,488.70,Refunded
1237,2022-06-25,PayPal,496.85,Refunded
1238,2023-01-27,"App Wallet",1127.40,Refunded
1239,2022-08-11,"Credit Card",1711.74,Refunded
1240,2023-07-14,PayPal,1654.12,Failed
1241,2022-12-13,PayPal,331.20,Pending
1242,2023-03-05,PayPal,824.79,Completed
1243,2021-01-22,"Credit Card",755.60,Failed
1244,2022-11-18,PayPal,585.78,Completed
1245,2021-06-28,"App Wallet",699.57,Completed
1246,2023-03-31,"App Wallet",872.76,Pending
1247,2021-02-19,"App Wallet",935.25,Pending
1248,2021-01-28,PayPal,682.26,Failed
1249,2022-03-10,"App Wallet",230.76,Pending
1250,2022-08-15,"App Wallet",952.20,Pending
1251,2021-06-11,"App Wallet",109.54,Completed
1252,2023-05-29,"App Wallet",1358.24,Refunded
1253,2023-04-27,"App Wallet",1363.54,Pending
1254,2023-03-16,PayPal,522.32,Completed
1255,2022-05-30,PayPal,1320.21,Completed
1256,2021-12-25,"Credit Card",1869.80,Completed
1257,2021-05-31,"App Wallet",393.32,Completed
1258,2023-03-17,"App Wallet",1695.04,Completed
1259,2023-03-12,"Credit Card",569.70,Refunded
1260,2021-06-13,PayPal,1478.08,Pending
1261,2023-06-07,"Credit Card",424.04,Refunded
1262,2022-03-07,"Credit Card",437.04,Pending
1263,2021-06-09,"App Wallet",595.62,Completed
1264,2022-12-24,"Credit Card",451.92,Refunded
1265,2022-02-27,PayPal,519.10,Completed
1266,2022-11-15,PayPal,1977.20,Completed
1267,2021-04-23,"Credit Card",539.10,Refunded
1268,2020-11-02,PayPal,2328.16,Pending
1269,2022-08-08,PayPal,1351.22,Refunded
1270,2023-04-07,PayPal,2426.82,Refunded
1271,2022-07-01,"Credit Card",1284.02,Failed
1272,2021-05-24,"App Wallet",274.28,Completed
1273,2022-10-09,PayPal,1660.14,Failed
1274,2021-11-12,"App Wallet",199.12,Pending
1275,2023-02-17,"App Wallet",305.25,Completed
1276,2022-09-20,"Credit Card",245.34,Refunded
1277,2021-11-03,PayPal,224.75,Completed
1278,2022-06-07,"Credit Card",602.86,Completed
1279,2021-09-15,"Credit Card",268.67,Refunded
1280,2022-08-01,PayPal,1746.46,Pending
1281,2022-03-07,PayPal,49.10,Pending
1282,2023-07-05,"App Wallet",743.31,Completed
1283,2023-07-03,"Credit Card",689.55,Pending
1284,2023-01-29,"App Wallet",532.86,Refunded
1285,2022-05-06,"App Wallet",43.04,Refunded
1286,2023-04-13,"App Wallet",3491.67,Completed
1287,2021-11-12,"Credit Card",376.17,Failed
1288,2021-04-17,PayPal,1102.68,Pending
1289,2022-12-02,"App Wallet",1897.54,Completed
1290,2021-06-02,"App Wallet",1066.00,Refunded
1291,2022-05-05,"Credit Card",740.25,Failed
1292,2022-11-11,PayPal,1868.60,Failed
1293,2021-05-16,"Credit Card",1000.15,Failed
1294,2023-03-17,"Credit Card",145.24,Failed
1295,2021-04-05,PayPal,231.47,Failed
1296,2022-12-27,"Credit Card",585.15,Pending
1297,2021-08-05,PayPal,738.51,Completed
1298,2022-08-27,"App Wallet",1118.56,Completed
1299,2021-11-20,PayPal,468.18,Completed
1300,2022-03-08,PayPal,1154.82,Pending
1301,2021-04-18,"App Wallet",771.80,Refunded
1302,2023-05-29,"App Wallet",410.62,Completed
1303,2021-03-27,"App Wallet",2964.42,Completed
1304,2021-08-05,PayPal,244.72,Pending
1305,2021-10-29,"App Wallet",769.20,Completed
1306,2021-10-10,"App Wallet",909.27,Refunded
1307,2023-07-13,"Credit Card",330.36,Pending
1308,2021-01-20,PayPal,1412.00,Refunded
1309,2021-11-10,"App Wallet",69.04,Completed
1310,2020-12-29,"App Wallet",466.76,Completed
1311,2023-02-11,"Credit Card",1724.09,Refunded
1312,2020-12-29,"Credit Card",1032.64,Refunded
1313,2022-04-25,"Credit Card",683.07,Completed
1314,2023-01-05,"Credit Card",392.39,Completed
1315,2022-04-25,"Credit Card",1414.61,Pending
1316,2022-07-03,PayPal,1358.88,Pending
1317,2023-07-23,PayPal,168.83,Failed
1318,2021-10-02,"App Wallet",301.50,Completed
1319,2022-12-04,"Credit Card",1059.88,Refunded
1320,2021-05-26,"App Wallet",146.29,Pending
1321,2023-09-27,PayPal,703.85,Refunded
1322,2020-12-03,PayPal,527.85,Refunded
1323,2023-08-20,"App Wallet",1102.43,Refunded
1324,2022-07-17,"Credit Card",522.90,Completed
1325,2020-12-26,"Credit Card",897.84,Completed
1326,2022-01-02,PayPal,734.04,Pending
1327,2022-06-03,"Credit Card",1238.64,Failed
1328,2022-05-11,PayPal,394.80,Completed
1329,2021-01-18,PayPal,341.80,Completed
1330,2023-02-08,"App Wallet",11.21,Completed
1331,2021-11-18,"Credit Card",346.00,Completed
1332,2021-06-25,"App Wallet",742.20,Completed
1333,2022-06-13,"App Wallet",439.76,Refunded
1334,2023-07-13,PayPal,1084.50,Refunded
1335,2021-02-06,PayPal,179.90,Pending
1336,2022-07-22,PayPal,135.38,Failed
1337,2021-06-13,"Credit Card",399.84,Failed
1338,2022-08-10,"Credit Card",466.48,Refunded
1339,2022-04-07,"Credit Card",210.20,Refunded
1340,2023-07-03,"App Wallet",1077.69,Pending
1341,2023-08-26,"App Wallet",818.58,Refunded
1342,2023-03-21,"Credit Card",580.00,Completed
1343,2023-06-20,PayPal,382.64,Completed
1344,2022-04-27,"Credit Card",269.01,Completed
1345,2022-10-01,PayPal,138.72,Pending
1346,2022-01-12,PayPal,889.01,Failed
1347,2022-01-31,"Credit Card",1690.69,Refunded
1348,2021-07-04,"App Wallet",1362.10,Completed
1349,2022-01-13,PayPal,57.42,Failed
1350,2022-10-25,"Credit Card",859.72,Pending
1351,2022-12-20,"Credit Card",258.44,Pending
1352,2023-02-28,PayPal,604.74,Pending
1353,2022-05-01,"App Wallet",844.56,Pending
1354,2022-11-30,"Credit Card",101.33,Pending
1355,2022-12-01,"App Wallet",1617.72,Completed
1356,2022-04-16,PayPal,1929.48,Completed
1357,2023-03-16,"App Wallet",117.93,Completed
1358,2023-03-12,PayPal,2418.48,Completed
1359,2021-09-14,PayPal,441.04,Failed
1360,2022-11-01,PayPal,3360.10,Refunded
1361,2021-06-27,"Credit Card",281.91,Completed
1362,2021-02-03,"Credit Card",1530.08,Failed
1363,2023-02-24,"Credit Card",591.89,Completed
1364,2021-02-13,"Credit Card",417.16,Refunded
1365,2022-05-15,"App Wallet",1463.88,Pending
1366,2020-11-28,"Credit Card",1564.23,Failed
1367,2023-08-29,"Credit Card",1218.17,Refunded
1368,2021-10-07,"App Wallet",851.66,Pending
1370,2021-12-12,PayPal,57.12,Pending
1371,2021-10-21,"Credit Card",2083.47,Completed
1372,2022-08-03,"Credit Card",1803.40,Pending
1373,2023-01-10,"Credit Card",592.65,Completed
1374,2021-11-09,"Credit Card",657.00,Pending
1375,2021-09-18,"Credit Card",1166.11,Completed
1376,2023-08-24,"Credit Card",1361.93,Completed
1377,2023-01-27,"Credit Card",53.73,Refunded
1378,2021-02-05,"Credit Card",247.98,Completed
1379,2022-09-28,PayPal,466.13,Failed
1380,2021-04-24,"Credit Card",918.17,Refunded
1381,2021-10-04,"Credit Card",930.58,Completed
1382,2020-11-12,PayPal,1529.54,Failed
1383,2021-07-13,"App Wallet",450.84,Completed
1384,2020-11-20,"App Wallet",317.94,Completed
1385,2023-07-03,PayPal,1038.46,Pending
1386,2021-12-17,PayPal,17.16,Pending
1387,2023-01-29,"App Wallet",1369.11,Pending
1388,2022-01-19,PayPal,254.40,Completed
1390,2023-04-02,"App Wallet",1858.89,Pending
1391,2022-04-04,"Credit Card",1020.83,Pending
1392,2023-07-29,"Credit Card",1429.89,Completed
1393,2023-08-27,PayPal,596.45,Pending
1394,2021-06-23,"App Wallet",693.68,Refunded
1395,2022-02-26,"Credit Card",287.87,Refunded
1396,2021-04-28,"Credit Card",66.68,Refunded
1397,2023-05-12,PayPal,1526.79,Completed
1398,2022-11-26,"Credit Card",107.31,Pending
1399,2021-02-08,"App Wallet",518.34,Refunded
1400,2021-11-30,PayPal,8.30,Failed
1401,2021-01-02,PayPal,896.64,Pending
1402,2022-08-04,"App Wallet",127.44,Completed
1403,2020-11-23,"Credit Card",208.80,Refunded
1404,2022-07-24,"App Wallet",108.68,Completed
1405,2021-05-05,"Credit Card",1092.40,Failed
1406,2022-12-25,PayPal,1526.59,Completed
1407,2022-02-20,"App Wallet",1152.37,Refunded
1408,2021-04-24,PayPal,378.09,Completed
1409,2022-12-14,"App Wallet",1413.51,Refunded
1410,2023-07-22,"Credit Card",112.06,Pending
1411,2021-05-10,PayPal,186.95,Failed
1412,2021-04-02,PayPal,787.86,Completed
1413,2021-03-12,"Credit Card",748.14,Refunded
1414,2022-06-23,PayPal,208.18,Completed
1415,2021-07-20,"App Wallet",457.23,Pending
1416,2020-11-16,"Credit Card",472.30,Completed
1417,2022-01-17,"Credit Card",1646.22,Refunded
1418,2022-10-18,"App Wallet",958.17,Pending
1419,2021-03-27,"Credit Card",381.75,Refunded
1420,2022-12-19,PayPal,1208.31,Completed
1421,2023-08-27,"Credit Card",628.08,Pending
1422,2022-12-03,"Credit Card",971.16,Pending
1423,2020-10-28,PayPal,1103.60,Pending
1424,2022-10-06,PayPal,473.44,Pending
1425,2021-07-18,PayPal,155.00,Failed
1426,2021-10-11,"App Wallet",640.10,Completed
1427,2022-03-27,"Credit Card",1439.36,Completed
1428,2022-06-24,"App Wallet",2050.11,Pending
1429,2023-08-02,PayPal,606.97,Refunded
1430,2021-07-27,"App Wallet",185.06,Completed
1431,2022-08-06,"App Wallet",2192.80,Pending
1432,2021-01-30,"App Wallet",912.35,Pending
1433,2022-02-05,PayPal,2572.75,Pending
1434,2021-06-10,PayPal,700.88,Refunded
1435,2022-06-10,PayPal,295.83,Refunded
1436,2020-12-02,PayPal,2749.08,Failed
1437,2022-07-27,"Credit Card",642.64,Completed
1438,2021-04-04,"Credit Card",804.40,Pending
1439,2022-01-10,"Credit Card",1134.44,Refunded
1440,2022-12-21,"App Wallet",556.62,Completed
1441,2023-08-20,PayPal,204.87,Failed
1442,2021-02-13,"App Wallet",519.36,Refunded
1443,2021-03-29,"App Wallet",2291.21,Refunded
1444,2020-11-11,"Credit Card",1256.18,Completed
1445,2023-03-31,PayPal,231.48,Failed
1446,2022-12-02,"Credit Card",1149.04,Completed
1447,2022-09-19,PayPal,1726.99,Completed
1448,2021-03-19,"App Wallet",994.05,Completed
1449,2023-07-10,"Credit Card",156.90,Refunded
1450,2023-09-20,"Credit Card",1434.47,Completed
1451,2022-01-06,"Credit Card",2072.39,Refunded
1452,2021-07-15,"Credit Card",133.53,Pending
1453,2023-05-16,"Credit Card",254.73,Pending
1454,2023-10-11,"App Wallet",1102.32,Pending
1455,2021-10-02,PayPal,700.64,Pending
1456,2023-02-02,PayPal,201.99,Failed
1457,2022-07-11,PayPal,1071.15,Refunded
1458,2022-03-23,"App Wallet",153.76,Refunded
1459,2022-06-12,PayPal,366.59,Completed
1460,2021-04-28,"Credit Card",138.40,Refunded
1461,2021-08-22,"App Wallet",744.03,Pending
1462,2023-03-15,PayPal,1301.26,Refunded
1463,2022-06-26,"Credit Card",1453.04,Failed
1464,2022-02-03,"App Wallet",445.04,Pending
1465,2022-01-21,PayPal,555.31,Completed
1466,2023-09-06,"Credit Card",1690.03,Pending
1467,2022-09-08,PayPal,97.80,Failed
1468,2022-04-01,"App Wallet",535.97,Refunded
1469,2023-02-21,PayPal,1669.72,Pending
1470,2022-04-17,PayPal,697.98,Failed
1471,2023-04-28,"App Wallet",1342.34,Pending
1472,2023-06-27,PayPal,765.28,Failed
1473,2020-11-10,"Credit Card",147.94,Pending
1474,2022-05-30,"Credit Card",121.90,Failed
1475,2022-04-07,PayPal,183.54,Completed
1476,2022-12-21,"App Wallet",401.17,Completed
1477,2023-03-23,"Credit Card",2024.75,Failed
1478,2021-06-14,"App Wallet",745.11,Completed
1479,2022-10-10,"Credit Card",1946.06,Completed
1480,2023-06-27,"Credit Card",363.96,Pending
1481,2023-08-31,"Credit Card",680.96,Pending
1482,2021-09-12,"App Wallet",521.80,Completed
1483,2021-09-03,PayPal,535.12,Refunded
1484,2021-08-31,"Credit Card",85.60,Pending
1485,2021-09-25,"Credit Card",2042.99,Refunded
1486,2021-06-07,"Credit Card",688.68,Completed
1487,2022-07-14,"Credit Card",347.37,Pending
1488,2022-09-30,"App Wallet",828.39,Completed
1489,2022-02-22,"App Wallet",819.21,Completed
1490,2022-01-29,PayPal,357.87,Failed
1491,2021-03-03,PayPal,1067.73,Failed
1492,2022-04-02,PayPal,1264.77,Refunded
1493,2022-02-28,PayPal,1795.78,Pending
1494,2021-12-06,"App Wallet",424.60,Completed
1495,2020-11-20,"Credit Card",2001.79,Pending
1496,2021-08-02,"Credit Card",1967.73,Refunded
1497,2021-08-09,"Credit Card",1439.61,Refunded
1498,2022-05-04,"App Wallet",1723.00,Pending
1499,2023-06-15,PayPal,100.65,Refunded
1500,2020-10-18,PayPal,1759.39,Pending
1501,2021-04-27,"Credit Card",950.94,Pending
1502,2020-11-12,"App Wallet",654.67,Completed
1503,2021-06-05,"Credit Card",148.60,Failed
1504,2021-05-29,"App Wallet",102.80,Pending
1505,2022-12-16,"App Wallet",218.16,Pending
1506,2021-04-25,"Credit Card",787.52,Failed
1507,2022-02-20,PayPal,126.54,Pending
1508,2021-03-27,"App Wallet",1426.37,Pending
1509,2022-12-13,"App Wallet",1720.20,Completed
1510,2022-03-10,PayPal,193.70,Failed
1511,2023-02-09,"App Wallet",1108.69,Pending
1512,2021-04-25,"App Wallet",388.30,Refunded
1513,2021-02-03,PayPal,1442.78,Refunded
1514,2021-09-09,"App Wallet",507.75,Completed
1515,2021-07-04,PayPal,77.49,Refunded
1516,2023-07-20,"Credit Card",653.48,Pending
1517,2020-11-15,"App Wallet",1019.25,Pending
1518,2021-10-29,"Credit Card",1032.88,Completed
1519,2023-05-03,PayPal,1759.41,Completed
1520,2022-02-17,PayPal,700.40,Completed
1521,2023-03-06,"Credit Card",2167.68,Completed
1522,2022-03-16,PayPal,519.54,Pending
1523,2021-06-21,PayPal,1745.73,Failed
1524,2021-10-29,PayPal,800.99,Pending
1525,2022-04-11,PayPal,331.41,Pending
1526,2021-05-05,PayPal,1060.78,Completed
1527,2021-08-29,"Credit Card",543.01,Pending
1528,2021-05-08,PayPal,1358.97,Refunded
1529,2020-12-12,"Credit Card",206.64,Refunded
1530,2022-11-16,"App Wallet",1254.62,Completed
1531,2023-07-05,"App Wallet",121.82,Pending
1532,2022-11-30,PayPal,1074.58,Pending
1533,2023-06-20,PayPal,59.48,Failed
1534,2023-08-15,PayPal,1769.02,Pending
1535,2022-12-04,"App Wallet",2012.05,Refunded
1536,2023-02-17,"App Wallet",617.04,Refunded
1537,2023-06-16,"App Wallet",325.50,Refunded
1538,2022-11-14,PayPal,355.30,Completed
1539,2023-03-15,"App Wallet",991.83,Refunded
1540,2023-07-22,"App Wallet",437.58,Completed
1541,2022-11-08,PayPal,1053.49,Completed
1542,2023-05-23,PayPal,2107.42,Failed
1543,2023-02-20,"App Wallet",1116.50,Completed
1544,2023-06-08,"App Wallet",2027.26,Completed
1545,2023-01-26,"App Wallet",72.45,Completed
1546,2022-11-22,"App Wallet",88.98,Pending
1547,2023-05-07,"Credit Card",676.41,Completed
1548,2023-08-15,"Credit Card",709.88,Failed
1549,2023-04-17,"Credit Card",2408.64,Refunded
1550,2023-07-13,"App Wallet",1164.47,Completed
1551,2023-06-29,PayPal,1130.10,Refunded
1552,2023-01-18,"Credit Card",667.50,Failed
1553,2023-06-11,"Credit Card",194.74,Failed
1554,2023-01-09,"Credit Card",1126.65,Refunded
1555,2022-11-13,PayPal,875.21,Refunded
1556,2023-08-19,PayPal,1167.03,Failed
1557,2023-02-19,PayPal,2081.97,Pending
1558,2023-10-07,"App Wallet",1318.92,Completed
1559,2023-07-25,PayPal,287.90,Refunded
1560,2023-05-27,"App Wallet",786.07,Completed
1561,2023-10-29,PayPal,288.73,Completed
1562,2023-03-23,"Credit Card",638.47,Completed
1563,2023-08-23,PayPal,1301.41,Pending
1564,2023-03-19,"App Wallet",382.04,Pending
1565,2023-09-02,"App Wallet",1249.40,Pending
1566,2022-12-01,"App Wallet",329.12,Completed
1567,2023-03-02,PayPal,228.40,Failed
1568,2023-05-26,"Credit Card",1136.92,Pending
1569,2023-07-12,"Credit Card",762.34,Pending
1570,2023-04-11,"App Wallet",338.34,Refunded
1571,2022-11-11,PayPal,1610.43,Pending
1572,2023-05-13,"App Wallet",640.07,Pending
1573,2022-11-05,PayPal,553.34,Completed
1574,2023-10-29,PayPal,2430.52,Failed
1575,2023-04-02,"App Wallet",1924.05,Pending
1576,2023-09-04,"Credit Card",1534.99,Refunded
1577,2023-05-06,PayPal,1030.42,Completed
1578,2023-04-18,"Credit Card",31.96,Refunded
1579,2023-03-23,"Credit Card",1108.00,Refunded
1580,2022-11-27,"Credit Card",2089.93,Failed
1581,2023-06-12,"App Wallet",661.76,Completed
1582,2023-02-22,"Credit Card",477.66,Pending
1583,2023-06-12,"Credit Card",534.74,Refunded
1584,2023-09-19,"App Wallet",44.84,Pending
1585,2023-04-27,"Credit Card",1042.63,Completed
1586,2023-03-24,"App Wallet",97.80,Completed
1587,2023-06-04,"App Wallet",453.40,Completed
1588,2023-09-24,PayPal,1093.57,Failed
1589,2023-01-06,"Credit Card",1543.02,Pending
1590,2023-05-27,"App Wallet",1318.90,Completed
1591,2023-10-05,"Credit Card",91.10,Refunded
1592,2022-12-13,"App Wallet",997.20,Completed
1593,2023-04-24,PayPal,109.86,Refunded
1594,2023-03-11,"App Wallet",971.14,Refunded
1595,2022-12-08,"App Wallet",879.21,Pending
1596,2023-09-04,"Credit Card",719.92,Pending
1597,2023-10-13,"Credit Card",328.71,Refunded
1598,2023-04-07,"Credit Card",724.73,Failed
1599,2023-02-10,"App Wallet",154.17,Pending
1600,2023-09-28,"Credit Card",1886.12,Refunded
1601,2023-03-16,"Credit Card",270.74,Completed
1602,2023-05-17,"App Wallet",1190.19,Completed
1603,2023-04-18,"App Wallet",2336.34,Refunded
1604,2023-06-23,PayPal,133.10,Refunded
1605,2022-12-10,"Credit Card",874.50,Failed
1606,2023-05-27,PayPal,916.78,Refunded
1607,2023-10-19,"App Wallet",1259.20,Pending
1608,2022-11-24,PayPal,116.93,Pending
1609,2023-02-14,"Credit Card",201.12,Refunded
1610,2023-06-06,PayPal,349.88,Failed
1611,2023-02-01,"Credit Card",60.09,Refunded
1612,2023-03-18,"Credit Card",1994.10,Completed
1613,2023-07-05,PayPal,1507.45,Refunded
1614,2022-11-16,PayPal,365.40,Refunded
1615,2023-04-15,"App Wallet",98.49,Pending
1616,2023-02-22,"Credit Card",2005.19,Completed
1617,2023-09-21,"Credit Card",415.28,Pending
1618,2022-12-13,PayPal,1789.73,Pending
1619,2023-05-09,"Credit Card",1115.28,Refunded
1620,2023-06-14,"Credit Card",572.22,Failed
1621,2023-06-19,"Credit Card",173.52,Failed
1622,2022-12-24,"Credit Card",1089.60,Refunded
1623,2023-09-27,"Credit Card",679.41,Completed
1624,2023-09-12,"App Wallet",1875.50,Completed
1625,2023-10-27,PayPal,281.42,Pending
1626,2023-10-18,PayPal,390.39,Refunded
1627,2023-06-16,PayPal,520.26,Refunded
1628,2022-12-16,"App Wallet",1591.20,Pending
1629,2023-03-27,"App Wallet",2288.50,Refunded
1630,2022-12-10,"Credit Card",108.20,Completed
1631,2023-01-08,"App Wallet",611.80,Completed
1632,2023-02-11,PayPal,127.16,Pending
1633,2023-07-07,PayPal,69.95,Pending
1634,2023-01-31,"Credit Card",2131.70,Completed
1635,2023-09-15,"App Wallet",1086.71,Completed
1636,2023-03-22,"App Wallet",865.36,Refunded
1637,2023-08-27,PayPal,428.64,Refunded
1638,2023-05-06,PayPal,534.94,Failed
1639,2023-10-10,"Credit Card",790.95,Pending
1640,2023-09-10,"Credit Card",66.43,Pending
1641,2023-05-03,"App Wallet",324.48,Completed
1642,2023-02-02,"App Wallet",93.08,Completed
1643,2023-01-07,"App Wallet",1056.67,Refunded
1644,2023-01-08,PayPal,112.14,Failed
1645,2023-03-29,"Credit Card",256.38,Failed
1646,2023-07-14,PayPal,317.31,Pending
1647,2023-02-24,"Credit Card",1766.49,Failed
1648,2023-08-11,PayPal,1465.10,Pending
1649,2023-08-30,"Credit Card",2724.09,Pending
1650,2023-05-21,"App Wallet",535.50,Completed
1651,2022-11-29,"App Wallet",174.76,Completed
1652,2023-07-15,"App Wallet",380.28,Refunded
1653,2023-03-02,"Credit Card",2305.53,Pending
1654,2023-10-04,"Credit Card",638.33,Completed
1655,2023-02-07,PayPal,585.33,Refunded
1656,2022-11-07,"App Wallet",844.60,Refunded
1657,2023-03-01,PayPal,412.86,Refunded
1658,2023-01-28,"Credit Card",1058.20,Pending
1659,2023-07-26,"Credit Card",1224.04,Completed
1660,2023-02-22,PayPal,170.46,Failed
1661,2023-03-22,"App Wallet",253.44,Completed
1662,2023-10-26,"Credit Card",2029.29,Refunded
1663,2023-06-20,PayPal,1070.73,Completed
1664,2023-04-04,PayPal,356.92,Completed
1665,2023-10-07,"Credit Card",593.11,Failed
1666,2023-05-27,PayPal,919.68,Failed
1667,2023-06-29,PayPal,205.20,Refunded
1668,2023-07-13,"Credit Card",1380.42,Failed
1669,2023-01-10,"Credit Card",876.67,Completed
1670,2023-10-03,PayPal,25.59,Pending
1671,2023-08-20,PayPal,781.97,Completed
1672,2023-04-05,PayPal,852.06,Completed
1673,2023-08-13,"Credit Card",850.87,Completed
1674,2023-03-10,"App Wallet",704.61,Pending
1675,2023-05-07,"App Wallet",526.68,Completed
1676,2023-08-08,"App Wallet",509.70,Refunded
1677,2023-09-03,PayPal,2445.45,Refunded
1678,2023-07-28,PayPal,724.88,Failed
1679,2023-08-14,PayPal,182.43,Refunded
1680,2023-01-17,PayPal,169.11,Completed
1681,2023-10-17,"App Wallet",429.57,Completed
1682,2023-04-15,PayPal,133.63,Pending
1683,2023-05-31,"App Wallet",825.76,Refunded
1684,2023-03-13,"App Wallet",928.17,Completed
1685,2023-06-08,"App Wallet",263.70,Refunded
1686,2023-05-12,PayPal,1057.06,Completed
1687,2023-02-01,PayPal,2104.79,Refunded
1688,2023-03-28,"Credit Card",869.90,Failed
1689,2023-09-05,"App Wallet",1175.20,Completed
1690,2023-10-05,"Credit Card",3206.32,Failed
1691,2023-05-29,PayPal,564.90,Failed
1692,2022-12-12,PayPal,662.69,Completed
1693,2023-09-24,PayPal,263.50,Completed
1694,2022-11-17,PayPal,238.38,Refunded
1695,2023-07-20,PayPal,1888.19,Pending
1696,2023-03-09,"App Wallet",379.98,Completed
1697,2022-12-13,PayPal,730.44,Completed
1698,2022-12-17,PayPal,1022.60,Pending
1699,2023-02-16,"Credit Card",854.12,Pending
1700,2023-04-18,"Credit Card",2222.36,Failed
1701,2023-01-06,"App Wallet",1473.72,Pending
1702,2023-04-06,"App Wallet",516.05,Completed
1703,2023-07-28,"Credit Card",530.14,Refunded
1704,2023-07-12,"App Wallet",961.82,Refunded
1705,2023-09-16,"Credit Card",2116.13,Refunded
1706,2023-06-15,PayPal,710.63,Refunded
1707,2023-03-19,"Credit Card",1174.32,Refunded
1708,2023-10-15,PayPal,432.62,Completed
1709,2023-03-13,"App Wallet",867.10,Completed
1710,2023-05-04,"Credit Card",384.05,Failed
1711,2023-09-17,"App Wallet",599.60,Completed
1712,2023-10-09,"Credit Card",344.24,Failed
1713,2023-05-24,PayPal,450.19,Refunded
1714,2023-07-24,PayPal,1085.59,Pending
1715,2023-02-23,"Credit Card",1053.68,Failed
1716,2023-07-24,"Credit Card",525.98,Failed
1717,2022-12-08,PayPal,714.20,Pending
1718,2023-08-22,PayPal,536.27,Completed
1719,2022-12-11,"Credit Card",373.32,Pending
1720,2023-04-13,"Credit Card",1113.51,Refunded
1721,2023-01-07,PayPal,571.16,Failed
1722,2023-09-27,"App Wallet",1637.31,Completed
1723,2023-07-08,"App Wallet",828.20,Completed
1724,2023-04-09,"Credit Card",177.60,Completed
1725,2023-09-28,PayPal,231.10,Refunded
1726,2022-11-11,"Credit Card",126.72,Failed
1727,2022-11-07,"Credit Card",893.52,Refunded
1728,2022-11-05,"Credit Card",854.82,Pending
1729,2023-08-10,PayPal,591.80,Pending
1730,2023-09-24,"Credit Card",992.16,Refunded
1731,2022-12-18,"App Wallet",693.68,Completed
1732,2023-03-26,"Credit Card",227.79,Failed
1733,2023-06-16,"Credit Card",1219.20,Completed
1734,2023-04-21,"Credit Card",1562.70,Pending
1735,2022-11-21,PayPal,1831.02,Failed
1736,2023-01-06,"Credit Card",661.44,Refunded
1737,2023-02-03,"App Wallet",253.08,Pending
1738,2022-11-24,"Credit Card",149.52,Failed
1739,2023-03-28,"Credit Card",2530.52,Failed
1740,2022-11-01,"Credit Card",1463.77,Completed
1741,2023-04-14,"Credit Card",678.66,Failed
1742,2023-02-22,"Credit Card",840.92,Failed
1743,2022-11-25,"App Wallet",2475.03,Completed
1744,2022-12-23,"Credit Card",1354.12,Pending
1745,2022-11-10,PayPal,94.44,Completed
1746,2023-04-17,"App Wallet",1126.98,Completed
1747,2023-03-04,"Credit Card",2899.11,Pending
1748,2022-10-31,"Credit Card",23.00,Failed
1749,2023-10-11,PayPal,606.83,Pending
1750,2023-09-04,PayPal,1618.90,Refunded
1751,2023-02-12,"Credit Card",504.70,Completed
1752,2022-12-06,"Credit Card",336.92,Refunded
1753,2023-04-22,PayPal,36.39,Failed
1754,2023-05-15,"Credit Card",341.36,Refunded
1755,2023-03-15,PayPal,421.65,Failed
1756,2023-03-07,PayPal,990.78,Refunded
1757,2022-12-14,"Credit Card",1528.15,Failed
1758,2023-04-09,"Credit Card",1116.23,Completed
1759,2022-11-19,"App Wallet",681.42,Pending
1760,2023-06-15,PayPal,37.96,Refunded
1761,2023-04-06,"App Wallet",68.67,Pending
1762,2023-08-21,"App Wallet",341.96,Pending
1763,2022-12-17,"App Wallet",2492.08,Refunded
1764,2023-09-02,"App Wallet",780.76,Completed
1765,2023-08-17,"App Wallet",180.33,Completed
1766,2022-11-13,"Credit Card",1510.04,Completed
1767,2023-07-19,PayPal,87.12,Pending
1768,2023-03-04,"Credit Card",648.64,Pending
1769,2022-12-22,"App Wallet",361.20,Refunded
1770,2023-05-03,"App Wallet",852.67,Pending
1771,2023-06-19,PayPal,1816.92,Completed
1772,2022-12-26,"App Wallet",913.72,Completed
1773,2023-04-01,"App Wallet",397.64,Refunded
1774,2023-03-06,"Credit Card",743.40,Failed
1775,2023-06-18,"App Wallet",62.05,Pending
1776,2023-01-19,"App Wallet",1672.13,Completed
1777,2023-08-14,"Credit Card",730.37,Completed
1778,2023-02-17,"Credit Card",1425.92,Completed
1779,2023-09-14,"App Wallet",1596.55,Completed
1780,2023-08-11,"App Wallet",551.88,Refunded
1782,2023-04-03,"Credit Card",485.86,Completed
1783,2023-06-13,PayPal,477.00,Pending
1784,2022-11-20,"Credit Card",115.97,Refunded
1785,2022-11-07,"Credit Card",495.18,Completed
1786,2023-02-06,"App Wallet",260.32,Completed
1787,2023-02-03,"App Wallet",192.06,Pending
1788,2023-07-21,"App Wallet",855.18,Completed
1789,2023-08-07,"Credit Card",598.40,Refunded
1790,2022-11-30,"Credit Card",2229.31,Completed
1791,2022-12-16,"Credit Card",388.71,Completed
1792,2022-11-05,"App Wallet",24.82,Refunded
1793,2023-10-21,"Credit Card",111.65,Failed
1794,2023-05-18,PayPal,500.05,Completed
1795,2023-05-08,"Credit Card",207.00,Pending
1796,2023-10-28,"App Wallet",98.80,Pending
1797,2023-05-17,"App Wallet",324.48,Pending
1798,2023-09-30,PayPal,964.32,Completed
1799,2023-08-22,PayPal,1217.43,Failed
1800,2023-01-09,PayPal,355.38,Failed
1801,2023-07-14,"Credit Card",2357.60,Failed
1802,2023-01-28,PayPal,244.35,Completed
1803,2023-09-04,"App Wallet",1367.48,Pending
1804,2022-11-14,"Credit Card",278.86,Failed
1805,2023-04-02,"Credit Card",642.16,Pending
1806,2023-07-13,"App Wallet",821.32,Pending
1807,2023-07-21,"Credit Card",966.00,Completed
1808,2023-10-19,"Credit Card",1516.97,Completed
1809,2023-01-14,"App Wallet",559.82,Pending
1810,2023-04-17,"Credit Card",819.96,Refunded
1811,2023-06-13,PayPal,1325.43,Failed
1812,2022-11-09,"Credit Card",85.49,Completed
1813,2023-05-05,PayPal,935.32,Refunded
1814,2023-04-01,PayPal,245.78,Refunded
1815,2023-07-10,PayPal,1527.51,Refunded
1816,2023-02-16,"App Wallet",269.72,Completed
1817,2023-01-21,"Credit Card",827.00,Refunded
1818,2023-01-23,PayPal,24.38,Completed
1819,2023-05-10,"Credit Card",94.83,Pending
1820,2023-09-28,"Credit Card",600.25,Refunded
1821,2023-09-03,PayPal,966.96,Pending
1822,2023-10-06,"App Wallet",297.99,Completed
1823,2022-11-15,"Credit Card",308.64,Failed
1824,2023-02-14,"App Wallet",480.72,Completed
1825,2023-03-31,"Credit Card",1708.14,Completed
1826,2023-05-09,"Credit Card",1158.03,Refunded
1827,2023-07-18,"App Wallet",788.02,Refunded
1828,2023-01-12,PayPal,1052.46,Failed
1829,2023-10-05,PayPal,1100.79,Refunded
1830,2023-01-17,"Credit Card",327.03,Pending
1831,2023-01-30,"Credit Card",200.12,Pending
1832,2023-04-09,"Credit Card",823.24,Refunded
1833,2023-05-26,PayPal,416.48,Completed
1834,2023-06-28,PayPal,68.36,Failed
1835,2023-06-19,"Credit Card",1237.01,Pending
1836,2022-12-03,"App Wallet",131.22,Completed
1837,2023-04-08,"App Wallet",90.61,Refunded
1838,2023-06-29,"Credit Card",857.33,Completed
1839,2023-01-31,"App Wallet",36.05,Refunded
1840,2023-04-13,PayPal,2478.80,Pending
1841,2023-03-02,"App Wallet",437.70,Completed
1842,2023-07-28,"Credit Card",1383.16,Refunded
1843,2023-04-25,PayPal,617.94,Completed
1844,2023-09-18,PayPal,885.45,Refunded
1845,2023-08-17,"Credit Card",143.89,Refunded
1846,2023-10-01,"Credit Card",408.32,Refunded
1847,2023-02-08,"App Wallet",1810.65,Completed
1848,2023-03-02,"Credit Card",279.27,Completed
1849,2023-04-16,"App Wallet",27.68,Pending
1850,2023-07-27,"Credit Card",50.62,Failed
1851,2023-10-10,PayPal,1244.18,Failed
1852,2023-07-26,PayPal,261.80,Pending
1853,2023-06-04,"App Wallet",938.65,Completed
1854,2023-08-19,"Credit Card",741.86,Pending
1855,2023-02-09,PayPal,1353.27,Failed
1856,2023-08-31,"Credit Card",307.19,Pending
1857,2023-02-23,"App Wallet",136.95,Completed
1859,2023-09-03,PayPal,882.48,Completed
1860,2023-08-27,PayPal,838.41,Refunded
1861,2022-12-20,"App Wallet",115.37,Pending
1862,2023-09-28,"Credit Card",891.47,Pending
1863,2023-03-20,"App Wallet",2695.55,Pending
1864,2023-02-10,"App Wallet",1080.73,Completed
1865,2023-01-19,"Credit Card",362.10,Refunded
1866,2023-01-08,"App Wallet",1935.06,Pending
1867,2023-03-01,"App Wallet",286.74,Pending
1868,2023-06-30,"Credit Card",826.45,Refunded
1869,2023-03-17,PayPal,267.64,Completed
1870,2023-04-03,"App Wallet",513.27,Pending
1871,2023-08-22,"Credit Card",1718.95,Failed
1872,2023-04-12,"App Wallet",471.03,Completed
1873,2022-11-14,"Credit Card",277.30,Pending
1874,2023-03-05,"App Wallet",357.00,Completed
1875,2023-05-11,"Credit Card",144.46,Pending
1876,2022-12-07,PayPal,2756.30,Pending
1877,2022-12-10,"App Wallet",267.36,Completed
1878,2022-12-25,"App Wallet",194.20,Completed
1879,2023-01-29,"App Wallet",566.19,Completed
1880,2023-10-09,"Credit Card",78.96,Pending
1881,2023-06-24,"App Wallet",421.15,Completed
1882,2023-05-31,PayPal,49.22,Completed
1883,2022-12-25,"App Wallet",96.54,Pending
1884,2023-06-04,PayPal,1389.20,Pending
1885,2023-03-31,PayPal,1332.45,Pending
1886,2023-03-26,"App Wallet",90.93,Completed
1887,2022-11-08,"Credit Card",960.70,Pending
1888,2022-12-05,"App Wallet",461.40,Refunded
1889,2023-02-13,"App Wallet",1885.12,Pending
1890,2023-07-30,"App Wallet",835.69,Pending
1891,2023-10-25,"App Wallet",1417.04,Completed
1892,2023-08-13,"App Wallet",564.78,Pending
1893,2023-03-24,"App Wallet",278.58,Refunded
1894,2023-06-09,"Credit Card",703.88,Failed
1895,2023-10-10,"Credit Card",200.82,Completed
1896,2023-03-12,"App Wallet",102.80,Pending
1897,2023-06-26,PayPal,10.70,Failed
1898,2023-07-05,"App Wallet",277.84,Completed
1899,2023-08-18,"App Wallet",1558.90,Pending
1900,2023-06-21,"App Wallet",184.00,Completed
1901,2023-09-13,"Credit Card",895.87,Pending
1902,2023-05-13,"Credit Card",1457.54,Pending
1903,2023-02-11,"App Wallet",830.48,Completed
1904,2023-02-25,"App Wallet",727.92,Completed
1905,2023-01-24,PayPal,153.24,Completed
1906,2022-12-09,"Credit Card",640.32,Refunded
1907,2023-05-07,"App Wallet",415.86,Completed
1908,2023-05-11,"Credit Card",1953.09,Pending
1909,2023-04-20,PayPal,1231.36,Completed
1910,2023-05-18,"Credit Card",865.14,Pending
1911,2022-11-23,"Credit Card",1421.39,Refunded
1912,2023-07-03,"App Wallet",567.27,Refunded
1913,2023-01-08,PayPal,1337.90,Failed
1914,2023-01-09,PayPal,65.04,Refunded
1915,2023-04-18,"App Wallet",201.30,Refunded
1916,2022-12-10,"Credit Card",283.05,Failed
1917,2023-05-02,"Credit Card",985.33,Failed
1918,2023-02-15,PayPal,1311.27,Pending
1919,2023-01-17,"Credit Card",475.60,Failed
1920,2023-04-04,"App Wallet",1813.69,Pending
1921,2023-04-06,PayPal,1034.41,Pending
1922,2022-11-14,PayPal,1017.43,Pending
1923,2023-08-08,"App Wallet",2150.69,Refunded
1924,2023-08-25,PayPal,64.39,Completed
1925,2023-06-19,PayPal,843.81,Failed
1926,2023-09-17,"App Wallet",208.08,Completed
1927,2023-03-11,PayPal,1355.60,Completed
1928,2022-12-13,"Credit Card",1781.27,Failed
1929,2022-12-03,"Credit Card",615.85,Failed
1930,2023-01-11,"App Wallet",1002.32,Completed
1931,2023-05-23,PayPal,835.38,Pending
1932,2023-06-30,"Credit Card",69.36,Refunded
1933,2023-01-22,"Credit Card",550.00,Pending
1934,2023-05-24,"Credit Card",475.75,Refunded
1935,2022-11-15,PayPal,598.02,Refunded
1936,2023-02-04,"App Wallet",110.26,Completed
1937,2022-12-02,PayPal,602.40,Completed
1938,2022-12-13,PayPal,268.96,Pending
1939,2023-01-24,"Credit Card",1228.50,Completed
1940,2023-06-29,"App Wallet",274.05,Completed
1941,2023-06-26,"App Wallet",1466.16,Pending
1942,2023-05-17,"App Wallet",733.63,Refunded
1943,2022-12-04,PayPal,120.22,Pending
1944,2023-09-29,"App Wallet",834.72,Completed
1945,2023-07-14,"Credit Card",686.61,Pending
1946,2023-06-04,PayPal,534.80,Failed
1947,2023-07-23,"Credit Card",4278.98,Failed
1948,2023-03-21,"App Wallet",493.05,Refunded
1949,2023-03-27,"Credit Card",975.89,Refunded
1950,2023-10-13,"App Wallet",557.62,Pending
1951,2023-03-03,"Credit Card",125.86,Refunded
1952,2023-06-01,"Credit Card",628.24,Pending
1953,2023-07-25,"Credit Card",288.21,Completed
1954,2023-10-02,"Credit Card",261.35,Refunded
1955,2023-08-13,"App Wallet",571.95,Pending
1956,2023-08-21,"App Wallet",339.20,Refunded
1957,2023-03-29,"Credit Card",95.58,Refunded
1958,2022-12-20,"App Wallet",772.66,Pending
1959,2022-11-26,"App Wallet",86.94,Completed
1960,2023-01-24,"App Wallet",429.86,Completed
1961,2023-08-25,PayPal,962.65,Failed
1962,2023-02-21,PayPal,43.12,Pending
1963,2023-09-21,"App Wallet",819.59,Pending
1964,2022-11-09,PayPal,232.32,Completed
1965,2023-01-01,"App Wallet",914.84,Completed
1966,2022-12-05,"Credit Card",742.88,Pending
1967,2023-01-17,"App Wallet",629.34,Completed
1968,2023-08-23,PayPal,245.02,Failed
1969,2023-03-01,PayPal,799.14,Refunded
1970,2023-08-10,"App Wallet",98.49,Pending
1971,2023-01-31,"Credit Card",68.67,Pending
1972,2023-04-07,PayPal,426.30,Pending
1973,2023-10-12,"Credit Card",350.20,Refunded
1974,2023-02-13,"App Wallet",289.04,Completed
1975,2023-06-14,"App Wallet",635.67,Completed
1976,2022-12-06,"App Wallet",685.65,Completed
1977,2023-02-03,PayPal,999.74,Pending
1978,2023-04-11,PayPal,224.40,Failed
1979,2023-07-17,"App Wallet",846.56,Completed
1980,2023-10-01,"App Wallet",427.84,Completed
1981,2023-04-05,"Credit Card",687.62,Refunded
1982,2023-06-09,"Credit Card",1801.74,Pending
1983,2023-01-01,PayPal,1929.47,Pending
1984,2023-03-23,"App Wallet",346.96,Refunded
1985,2023-10-02,PayPal,622.37,Refunded
1986,2023-03-07,"App Wallet",317.06,Completed
1987,2023-01-26,PayPal,521.04,Pending
1988,2023-08-16,"App Wallet",172.16,Refunded
1989,2022-11-18,"App Wallet",390.87,Refunded
1990,2023-09-27,"Credit Card",1415.48,Completed
1991,2023-04-09,PayPal,528.12,Completed
1992,2023-08-18,"App Wallet",483.15,Pending
1993,2023-01-13,"Credit Card",236.96,Pending
1994,2023-08-21,"Credit Card",505.38,Failed
1995,2023-01-24,"App Wallet",308.64,Pending
1996,2022-12-24,"App Wallet",147.36,Refunded
1997,2023-07-03,"App Wallet",1010.30,Pending
1998,2023-10-19,"Credit Card",1048.59,Failed
1999,2023-04-22,"App Wallet",988.30,Completed
2000,2023-10-04,"Credit Card",900.09,Failed
2001,2023-06-03,"Credit Card",1474.85,Completed
2002,2023-01-20,"App Wallet",250.37,Refunded
2003,2023-01-12,PayPal,47.96,Failed
2004,2023-02-10,"App Wallet",2195.51,Pending
2005,2022-12-09,"Credit Card",106.61,Completed
2006,2023-02-07,"App Wallet",412.14,Pending
2007,2022-11-22,PayPal,109.17,Pending
2008,2023-06-09,PayPal,653.38,Refunded
2009,2022-11-20,"App Wallet",868.40,Pending
2010,2023-03-09,PayPal,687.72,Refunded
2011,2022-11-16,"App Wallet",69.31,Refunded
2012,2023-01-16,"Credit Card",756.47,Completed
2013,2023-08-24,"App Wallet",225.80,Pending
2048,2023-10-31,PayPal,148.52,Completed
2049,2023-10-31,"Credit Card",105.57,Completed
2050,2023-10-31,"App Wallet",54.08,Completed
2051,2023-10-31,"Credit Card",99.64,Completed
2053,2023-10-31,PayPal,59.78,Completed
2054,2023-10-31,"Credit Card",108.16,Completed
2055,2023-10-31,PayPal,108.16,Completed
2057,2023-11-08,PayPal,88.82,Completed
2060,2023-11-08,"Credit Card",64.88,Completed
2061,2023-11-08,"Credit Card",77.66,Completed
2063,2023-11-08,"Credit Card",97.37,Completed
2064,2023-11-08,PayPal,54.08,Completed
2065,2023-11-08,"App Wallet",54.08,Completed
